title,T3s,C3s,A3s,G3s,CAI,CBI,Fop,ENC,GC3s,GC,L_sym,L_aa,Gravy,Aromo,X,Strain,Type,GC1,GC2,GC12
NS1_NS1_nonstructural_pro,0.4286,0.1875,0.5376,0.1463,0.163,-0.112,0.351,51.52,0.252,0.317,131,139,0.011511,0.064748,NA,argentina,hRSV-A,0.35,0.3,0.325
NS2_NS2_nonstructural_pro,0.31,0.28,0.5595,0.1857,0.153,-0.075,0.378,45.18,0.345,0.344,119,124,-0.36371,0.112903,NA,argentina,hRSV-A,0.344,0.32,0.332
N_N_nucleoprotein_1111:22,0.3824,0.1993,0.5395,0.1547,0.18,-0.086,0.372,45.55,0.271,0.373,376,391,-0.205115,0.076726,NA,argentina,hRSV-A,0.4796,0.3393,0.40945
P_P_phosphoprotein_2318:3,0.3587,0.2065,0.6215,0.125,0.162,-0.129,0.359,43.57,0.248,0.353,234,241,-0.86888,0.049793,NA,argentina,hRSV-A,0.4421,0.3471,0.3946
M_M_matrix_protein_3226:3,0.2683,0.2878,0.5979,0.0994,0.151,-0.124,0.344,39.65,0.308,0.37,247,256,-0.042188,0.074219,NA,argentina,hRSV-A,0.4125,0.3619,0.3872
SH_SH_small_hydrophobic_p,0.2264,0.3396,0.6222,0.0625,0.131,0.005,0.417,44.49,0.333,0.318,60,64,0.585937,0.125,NA,argentina,hRSV-A,0.2615,0.3077,0.2846
G_G_attachment_glycoprote,0.1797,0.4297,0.4962,0.1198,0.199,-0.026,0.42,48.85,0.438,0.431,317,321,-0.622118,0.046729,NA,argentina,hRSV-A,0.3571,0.4907,0.4239
F_F_fusion_glycoprotein_5,0.3665,0.2352,0.5091,0.1388,0.171,-0.121,0.348,46.26,0.294,0.353,561,574,-0.010453,0.067944,NA,argentina,hRSV-A,0.3739,0.3757,0.3748
M2-1_M2-1_M2-1_protein_76,0.3782,0.25,0.4892,0.1855,0.166,-0.1,0.365,48.85,0.328,0.366,189,194,-0.619072,0.051546,NA,argentina,hRSV-A,0.4,0.3538,0.3769
M2-2_M2-2_M2-2_protein_81,0.4384,0.1918,0.6481,0.0732,0.123,-0.253,0.274,44.18,0.202,0.292,84,88,-0.332955,0.102273,NA,argentina,hRSV-A,0.3596,0.2697,0.31465
L_L_RNA-dependent_RNA_pol,0.4645,0.1683,0.5208,0.1476,0.147,-0.161,0.32,41.93,0.234,0.309,2093,2165,-0.187206,0.103464,NA,argentina,hRSV-A,0.3592,0.3093,0.33425
NS1_NS1_nonstructural_pro,0.4375,0.1786,0.5591,0.122,0.164,-0.134,0.336,47.93,0.229,0.307,131,139,0.043885,0.064748,NA,australia,hRSV-A,0.35,0.2929,0.32145
NS2_NS2_nonstructural_pro,0.32,0.27,0.5714,0.1739,0.151,-0.087,0.37,42.01,0.328,0.336,119,124,-0.321774,0.112903,NA,australia,hRSV-A,0.344,0.312,0.328
N_N_nucleoprotein_1105:22,0.3889,0.1928,0.5395,0.1547,0.179,-0.096,0.367,45.23,0.266,0.37,376,391,-0.205115,0.076726,NA,australia,hRSV-A,0.477,0.3393,0.40815
P_P_phosphoprotein_2313:3,0.3587,0.212,0.6158,0.125,0.16,-0.123,0.363,44.6,0.252,0.357,234,241,-0.878838,0.049793,NA,australia,hRSV-A,0.4463,0.3512,0.39875
M_M_matrix_protein_3221:3,0.2634,0.2927,0.5979,0.0994,0.15,-0.131,0.34,39.39,0.312,0.371,247,256,-0.042188,0.074219,NA,australia,hRSV-A,0.4125,0.3619,0.3872
SH_SH_small_hydrophobic_p,0.2075,0.3585,0.6222,0.0606,0.129,0,0.417,45.5,0.35,0.328,60,64,0.503125,0.125,NA,australia,hRSV-A,0.2615,0.3231,0.2923
G_G_attachment_glycoprote,0.1562,0.4531,0.4981,0.1162,0.199,-0.028,0.418,46.89,0.456,0.449,316,320,-0.73375,0.0375,NA,australia,hRSV-A,0.3769,0.5047,0.4408
F_F_fusion_protein_5691:7,0.3665,0.2352,0.5137,0.1337,0.171,-0.117,0.349,45.97,0.291,0.352,561,574,-0.001916,0.067944,NA,australia,hRSV-A,0.3757,0.3739,0.3748
M2-1_M2-1_matrix_protein_,0.3654,0.2628,0.4928,0.187,0.168,-0.082,0.376,48.02,0.339,0.364,189,194,-0.647938,0.051546,NA,australia,hRSV-A,0.3897,0.3487,0.3692
M2-2_M2-2_matrix_protein_,0.4384,0.1918,0.6481,0.0732,0.12,-0.253,0.274,43.08,0.202,0.288,84,88,-0.361364,0.102273,NA,australia,hRSV-A,0.3483,0.2697,0.309
L_L_RNA-directed_RNA_poly,0.4699,0.1636,0.5182,0.1482,0.148,-0.163,0.319,41.46,0.23,0.309,2093,2165,-0.183233,0.103002,NA,australia,hRSV-A,0.3606,0.3102,0.3354
NS1_NS1_nonstructural_pro,0.4071,0.2124,0.5435,0.1375,0.162,-0.11,0.351,52.18,0.267,0.317,131,139,0.051079,0.064748,NA,brazil,hRSV-A,0.3429,0.2929,0.3179
NS2_NS2_nonstructural_pro,0.3168,0.2475,0.5814,0.1667,0.143,-0.096,0.361,44.45,0.311,0.339,119,124,-0.335484,0.104839,NA,brazil,hRSV-A,0.344,0.336,0.34
N_N_nucleoprotein_1128:23,0.3876,0.1954,0.5464,0.1434,0.181,-0.077,0.378,45.99,0.261,0.373,376,391,-0.205627,0.076726,NA,brazil,hRSV-A,0.4872,0.3418,0.4145
P_P_phosphoprotein_2335:3,0.3478,0.2283,0.6045,0.1304,0.162,-0.096,0.38,47.31,0.269,0.362,234,241,-0.920747,0.049793,NA,brazil,hRSV-A,0.438,0.3595,0.39875
M_M_matrix_protein_3244:4,0.2696,0.2892,0.6062,0.0877,0.165,-0.066,0.378,39.61,0.301,0.366,246,256,-0.052344,0.074219,NA,brazil,hRSV-A,0.4047,0.3619,0.3833
SH_SH_small_hydrophobic_p,0.2264,0.3396,0.6444,0.0303,0.138,-0.019,0.4,36.5,0.317,0.318,60,64,0.575,0.125,NA,brazil,hRSV-A,0.2769,0.3077,0.2923
G_G_attachment_glycoprote,0.1864,0.4237,0.5061,0.1198,0.197,0.004,0.432,50.33,0.429,0.419,294,298,-0.532886,0.04698,NA,brazil,hRSV-A,0.3612,0.4582,0.4097
F_F_fusion_protein_5642:7,0.37,0.2304,0.5242,0.1299,0.173,-0.108,0.355,45.83,0.283,0.346,561,574,-0.015157,0.069686,NA,brazil,hRSV-A,0.3722,0.367,0.3696
M2-1_M2-1_matrix_protein_,0.391,0.2372,0.5109,0.1736,0.163,-0.11,0.36,44.02,0.307,0.352,189,194,-0.660309,0.051546,NA,brazil,hRSV-A,0.3897,0.3436,0.36665
M2-2_M2-2_matrix_protein_,0.4795,0.1507,0.6296,0.0952,0.122,-0.326,0.238,43.96,0.179,0.28,84,88,-0.3125,0.113636,NA,brazil,hRSV-A,0.3371,0.2809,0.309
L_L_RNA-directed_RNA_poly,0.4688,0.171,0.5236,0.1384,0.153,-0.141,0.332,41.23,0.23,0.307,2094,2165,-0.190208,0.104388,NA,brazil,hRSV-A,0.3596,0.307,0.3333
NS1_NS1_nonstructural_pro,0.4375,0.1786,0.5699,0.1111,0.163,-0.123,0.344,47.6,0.221,0.305,131,139,0.048921,0.064748,NA,canada,hRSV-A,0.35,0.2929,0.32145
NS2_NS2_nonstructural_pro,0.31,0.28,0.5714,0.1714,0.154,-0.075,0.378,41.99,0.336,0.341,119,124,-0.36371,0.112903,NA,canada,hRSV-A,0.344,0.32,0.332
N_N_nucleoprotein_1111:22,0.3889,0.1928,0.5395,0.1547,0.179,-0.091,0.37,45.45,0.266,0.371,376,391,-0.205115,0.076726,NA,canada,hRSV-A,0.4796,0.3393,0.40945
P_P_phosphoprotein_2318:3,0.3478,0.2174,0.6158,0.1313,0.16,-0.123,0.363,44.56,0.261,0.36,234,241,-0.878838,0.049793,NA,canada,hRSV-A,0.4463,0.3512,0.39875
M_M_matrix_protein_3228:3,0.2634,0.2927,0.6031,0.0936,0.151,-0.117,0.348,39.79,0.308,0.37,247,256,-0.042188,0.074219,NA,canada,hRSV-A,0.4125,0.3619,0.3872
SH_SH_small_hydrophobic_p,0.2075,0.3585,0.6222,0.0625,0.13,0.005,0.417,44.49,0.35,0.323,60,64,0.585937,0.125,NA,canada,hRSV-A,0.2615,0.3077,0.2846
G_G_attachment_glycoprote,0.1719,0.4375,0.4925,0.1235,0.201,-0.034,0.416,48.57,0.448,0.434,317,321,-0.635825,0.046729,NA,canada,hRSV-A,0.354,0.4938,0.4239
F_F_fusion_glycoprotein_5,0.3729,0.2288,0.5125,0.133,0.174,-0.115,0.351,45.84,0.285,0.351,561,574,-0.006272,0.067944,NA,canada,hRSV-A,0.3757,0.3774,0.37655
M2-1_M2-1_M2-1_protein_76,0.3654,0.2628,0.4928,0.187,0.168,-0.082,0.376,48.02,0.339,0.364,189,194,-0.647938,0.051546,NA,canada,hRSV-A,0.3897,0.3487,0.3692
M2-2_M2-2_M2-2_protein_82,0.4384,0.1918,0.6481,0.0732,0.123,-0.253,0.274,44.18,0.202,0.292,84,88,-0.332955,0.102273,NA,canada,hRSV-A,0.3596,0.2697,0.31465
L_L_RNA-dependent_RNA_pol,0.465,0.1683,0.5189,0.1491,0.148,-0.161,0.321,41.98,0.235,0.31,2093,2165,-0.185866,0.103464,NA,canada,hRSV-A,0.361,0.3093,0.33515
NS1_NS1_nonstructural_pro,0.4375,0.1786,0.5591,0.1235,0.161,-0.136,0.336,48.1,0.229,0.307,131,139,0.048921,0.064748,NA,china,hRSV-A,0.35,0.2929,0.32145
NS2_NS2_nonstructural_pro,0.33,0.26,0.5595,0.1857,0.151,-0.104,0.361,41.48,0.328,0.339,119,124,-0.36371,0.112903,NA,china,hRSV-A,0.344,0.32,0.332
N_N_nucleoprotein_1113:22,0.3954,0.183,0.543,0.1547,0.175,-0.105,0.362,45.81,0.258,0.367,376,391,-0.205115,0.076726,NA,china,hRSV-A,0.477,0.3393,0.40815
P_P_phosphoprotein_2320:3,0.3552,0.2131,0.625,0.1195,0.16,-0.12,0.365,44.6,0.249,0.355,233,241,-0.86805,0.049793,NA,china,hRSV-A,0.4463,0.3471,0.3967
M_M_matrix_protein_3226:3,0.2745,0.2745,0.6166,0.0877,0.152,-0.129,0.341,39.43,0.289,0.363,246,256,-0.0625,0.074219,NA,china,hRSV-A,0.4086,0.3619,0.38525
SH_SH_small_hydrophobic_p,0.2075,0.3396,0.6444,0.0625,0.134,0.005,0.417,60.45,0.333,0.312,60,64,0.585937,0.125,NA,china,hRSV-A,0.2462,0.3077,0.27695
G_G_attachment_glycoprote,0.17,0.4506,0.4925,0.1148,0.205,0.013,0.442,49.85,0.448,0.43,317,321,-0.61215,0.046729,NA,china,hRSV-A,0.354,0.4783,0.41615
F_F_fusion_glycoprotein_5,0.3665,0.2394,0.5137,0.1285,0.17,-0.123,0.346,45.97,0.291,0.352,561,574,-0.001219,0.067944,NA,china,hRSV-A,0.3757,0.3739,0.3748
M2-1_M2-1_M2-1_protein_76,0.359,0.2692,0.5,0.1789,0.172,-0.054,0.392,49.96,0.339,0.364,189,194,-0.647938,0.051546,NA,china,hRSV-A,0.3897,0.3487,0.3692
M2-2_M2-2_M2-2_protein_82,0.4384,0.1781,0.6667,0.0732,0.126,-0.253,0.274,44.83,0.19,0.292,84,88,-0.304545,0.102273,NA,china,hRSV-A,0.3708,0.2697,0.32025
L_L_RNA-dependent_RNA_pol,0.467,0.1657,0.5278,0.1403,0.146,-0.162,0.32,41.18,0.227,0.307,2091,2165,-0.18642,0.103464,NA,china,hRSV-A,0.3587,0.3089,0.3338
NS1_NS1_nonstructural_pro,0.4286,0.1875,0.5591,0.1235,0.162,-0.123,0.344,48.02,0.237,0.309,131,139,0.048921,0.064748,NA,germany,hRSV-A,0.35,0.2929,0.32145
NS2_NS2_nonstructural_pro,0.32,0.27,0.5714,0.1714,0.155,-0.09,0.37,41.85,0.328,0.339,119,124,-0.36371,0.112903,NA,germany,hRSV-A,0.344,0.32,0.332
N_N_nucleocapsid_protein_,0.4039,0.1824,0.5345,0.1553,0.179,-0.096,0.367,45.52,0.258,0.368,376,391,-0.205115,0.076726,NA,germany,hRSV-A,0.4796,0.3393,0.40945
P_P_phosphoprotein_2337:3,0.3696,0.1957,0.6158,0.1313,0.16,-0.131,0.359,45.07,0.244,0.354,234,241,-0.878838,0.049793,NA,germany,hRSV-A,0.4463,0.3512,0.39875
M_M_matrix_protein_3246:4,0.2829,0.278,0.5959,0.0936,0.153,-0.114,0.35,39.79,0.297,0.367,246,256,-0.054688,0.074219,NA,germany,hRSV-A,0.4086,0.3658,0.3872
SH_SH_small_hydrophobic_p,0.2264,0.3585,0.6,0.0625,0.136,0.033,0.433,49.95,0.35,0.323,60,64,0.585937,0.125,NA,germany,hRSV-A,0.2615,0.3077,0.2846
G_G_attachment_glycoprote,0.1695,0.4364,0.5061,0.1176,0.201,-0.003,0.433,48.9,0.44,0.425,293,297,-0.650505,0.043771,NA,germany,hRSV-A,0.3389,0.4866,0.41275
F_F_fusion_protein_5644:7,0.3686,0.2415,0.5046,0.1333,0.174,-0.112,0.353,46.24,0.296,0.353,561,574,-0.015331,0.067944,NA,germany,hRSV-A,0.3722,0.3757,0.37395
M2-1_M2-1_transcription_e,0.3526,0.2756,0.5,0.1789,0.171,-0.054,0.392,49.19,0.344,0.366,189,194,-0.647938,0.051546,NA,germany,hRSV-A,0.3897,0.3487,0.3692
M2-2_M2-2_transcription_r,0.4384,0.1918,0.6481,0.0732,0.123,-0.253,0.274,44.18,0.202,0.292,84,88,-0.332955,0.102273,NA,germany,hRSV-A,0.3596,0.2697,0.31465
L_L_RNA-directed_RNA_poly,0.4718,0.1628,0.5218,0.1445,0.148,-0.156,0.323,41.2,0.227,0.307,2093,2165,-0.18776,0.103926,NA,germany,hRSV-A,0.3587,0.3089,0.3338
NS1_NS1_non-structural_pr,0.4375,0.1786,0.5591,0.1235,0.161,-0.136,0.336,48.1,0.229,0.307,131,139,0.048921,0.064748,NA,india,hRSV-A,0.35,0.2929,0.32145
NS2_NS2_non-structural_pr,0.32,0.27,0.5595,0.1857,0.153,-0.09,0.37,41.85,0.336,0.341,119,124,-0.36371,0.112903,NA,india,hRSV-A,0.344,0.32,0.332
N_N_nucleocapsid_protein_,0.402,0.1797,0.5361,0.1585,0.178,-0.1,0.364,45.55,0.258,0.367,376,391,-0.205115,0.076726,NA,india,hRSV-A,0.477,0.3393,0.40815
P_P_phosphoprotein_2318:3,0.3533,0.212,0.6158,0.1313,0.16,-0.123,0.363,45.1,0.256,0.358,234,241,-0.878838,0.049793,NA,india,hRSV-A,0.4463,0.3512,0.39875
M_M_matrix_protein_3226:3,0.2794,0.2794,0.601,0.0936,0.154,-0.122,0.346,39.81,0.297,0.367,246,256,-0.052344,0.074219,NA,india,hRSV-A,0.4125,0.3619,0.3872
SH_SH_small_hydrophobic_p,0.2264,0.3396,0.6222,0.0625,0.13,0.005,0.417,45.45,0.333,0.318,60,64,0.585937,0.125,NA,india,hRSV-A,0.2615,0.3077,0.2846
G_G_glycoprotein_4651:561,0.1693,0.4449,0.5,0.1152,0.208,0.003,0.438,49.31,0.445,0.431,317,321,-0.676012,0.046729,NA,india,hRSV-A,0.3509,0.4907,0.4208
F_F_fusion_protein_5696:7,0.3686,0.2415,0.5046,0.1333,0.172,-0.118,0.349,46.23,0.296,0.354,561,574,-0.00662,0.067944,NA,india,hRSV-A,0.3757,0.3757,0.3757
M2-1_M2-1_matrix_protein_,0.3654,0.2628,0.4928,0.187,0.168,-0.082,0.376,48.02,0.339,0.364,189,194,-0.647938,0.051546,NA,india,hRSV-A,0.3897,0.3487,0.3692
M2-2_M2-2_matrix_protein_,0.4384,0.1918,0.6481,0.0732,0.123,-0.253,0.274,44.18,0.202,0.292,84,88,-0.332955,0.102273,NA,india,hRSV-A,0.3596,0.2697,0.31465
L_L_polymerase_8531:15028,0.4678,0.1656,0.5245,0.143,0.147,-0.161,0.321,41.27,0.228,0.307,2093,2165,-0.188637,0.103464,NA,india,hRSV-A,0.3592,0.3089,0.33405
NS1_NS1_nonstructural_pro,0.4286,0.1786,0.5806,0.1111,0.158,-0.123,0.344,47.41,0.221,0.305,131,139,0.048921,0.064748,NA,italy,hRSV-A,0.35,0.2929,0.32145
NS2_NS2_nonstructural_pro,0.31,0.28,0.5714,0.1714,0.156,-0.075,0.378,42.19,0.336,0.341,119,124,-0.36371,0.112903,NA,italy,hRSV-A,0.344,0.32,0.332
N_N_nucleoprotein_1111:22,0.3922,0.1863,0.5464,0.1509,0.179,-0.096,0.367,45.03,0.258,0.367,376,391,-0.205115,0.076726,NA,italy,hRSV-A,0.477,0.3393,0.40815
P_P_phosphoprotein_2319:3,0.3533,0.212,0.6158,0.1313,0.158,-0.123,0.363,45.27,0.256,0.358,234,241,-0.878838,0.049793,NA,italy,hRSV-A,0.4463,0.3512,0.39875
M_M_matrix_protein_3227:3,0.2732,0.2829,0.6031,0.0936,0.15,-0.131,0.34,39.57,0.3,0.367,247,256,-0.042188,0.074219,NA,italy,hRSV-A,0.4125,0.3619,0.3872
SH_SH_small_hydrophobic_p,0.2264,0.3396,0.6,0.0938,0.121,-0.052,0.383,48.48,0.35,0.323,60,64,0.585937,0.125,NA,italy,hRSV-A,0.2615,0.3077,0.2846
G_G_attachment_glycoprote,0.17,0.4466,0.4906,0.123,0.206,-0.008,0.432,49.7,0.451,0.434,317,321,-0.67757,0.046729,NA,italy,hRSV-A,0.354,0.4907,0.42235
F_F_fusion_glycoprotein_5,0.3644,0.2373,0.5114,0.1359,0.172,-0.115,0.351,46.63,0.294,0.355,561,574,-0.00662,0.067944,NA,italy,hRSV-A,0.3791,0.3757,0.3774
M2-1_M2-1_M2-1_protein_76,0.3846,0.2436,0.4928,0.1885,0.164,-0.108,0.36,48.54,0.323,0.357,189,194,-0.621134,0.051546,NA,italy,hRSV-A,0.3897,0.3436,0.36665
M2-2_M2-2_M2-2_protein_81,0.4384,0.1918,0.6481,0.0732,0.123,-0.253,0.274,44.18,0.202,0.292,84,88,-0.332955,0.102273,NA,italy,hRSV-A,0.3596,0.2697,0.31465
L_L_RNA-dependent_RNA_pol,0.4667,0.1671,0.5198,0.1467,0.149,-0.16,0.321,41.44,0.232,0.309,2093,2165,-0.188591,0.103464,NA,italy,hRSV-A,0.3601,0.3102,0.33515
NS1_NS1_non-structural_pr,0.4375,0.1875,0.5484,0.1235,0.159,-0.136,0.336,48.86,0.237,0.309,131,139,0.048921,0.064748,NA,japan,hRSV-A,0.35,0.2929,0.32145
NS2_NS2_non-structural_pr,0.31,0.29,0.5476,0.1857,0.156,-0.061,0.387,41.99,0.353,0.347,119,124,-0.36371,0.112903,NA,japan,hRSV-A,0.344,0.32,0.332
N_N_nucleocapsid_protein_,0.3856,0.1961,0.5464,0.1466,0.178,-0.09,0.37,47.7,0.263,0.37,376,391,-0.205882,0.076726,NA,japan,hRSV-A,0.4796,0.3393,0.40945
P_P_phosphoprotein_2312:3,0.3622,0.2054,0.6136,0.1329,0.159,-0.122,0.363,45.16,0.252,0.355,234,241,-0.857261,0.049793,NA,japan,hRSV-A,0.4463,0.3471,0.3967
M_M_matrix_protein_3220:3,0.2878,0.278,0.5825,0.1047,0.155,-0.129,0.34,40.49,0.304,0.37,247,256,-0.044922,0.074219,NA,japan,hRSV-A,0.4163,0.3619,0.3891
SH_SH_small_hydrophobic_p,0.2453,0.3208,0.6222,0.0625,0.129,-0.024,0.4,45.45,0.317,0.312,60,64,0.585937,0.125,NA,japan,hRSV-A,0.2615,0.3077,0.2846
G_G_attachment_glycoprote,0.1686,0.4431,0.4981,0.1162,0.203,0.016,0.443,51.91,0.446,0.433,316,321,-0.657009,0.043614,NA,japan,hRSV-A,0.354,0.4907,0.42235
F_F_fusion_protein_5690:7,0.3715,0.2378,0.5034,0.1355,0.171,-0.121,0.348,46.91,0.294,0.353,561,574,-0.010976,0.067944,NA,japan,hRSV-A,0.3739,0.3757,0.3748
M2-1_M2-1_transcription_e,0.3782,0.2564,0.4855,0.187,0.173,-0.073,0.381,48.93,0.333,0.364,189,194,-0.647938,0.051546,NA,japan,hRSV-A,0.3949,0.3487,0.3718
M2-2_M2-2_transcription_e,0.4521,0.1781,0.6481,0.0732,0.119,-0.274,0.262,44.57,0.19,0.284,84,88,-0.376136,0.113636,NA,japan,hRSV-A,0.3596,0.2584,0.309
L_L_rna_directed_rna_poly,0.4684,0.1639,0.5268,0.1424,0.148,-0.158,0.322,40.91,0.226,0.307,2093,2165,-0.189423,0.103464,NA,japan,hRSV-A,0.3606,0.3084,0.3345
NS1_NS1_nonstructural_pro,0.4375,0.1786,0.5484,0.1358,0.16,-0.149,0.328,49.1,0.237,0.309,131,139,0.048921,0.064748,NA,kenya,hRSV-A,0.35,0.2929,0.32145
NS2_NS2_nonstructural_pro,0.33,0.26,0.5714,0.1714,0.154,-0.104,0.361,43.77,0.319,0.336,119,124,-0.36371,0.112903,NA,kenya,hRSV-A,0.344,0.32,0.332
N_N_nucleoprotein_1128:23,0.3987,0.1863,0.5292,0.1623,0.179,-0.091,0.37,45.66,0.266,0.37,376,391,-0.205115,0.076726,NA,kenya,hRSV-A,0.477,0.3393,0.40815
P_P_phosphoprotein_2334:3,0.3533,0.212,0.6158,0.1313,0.159,-0.131,0.359,44.76,0.256,0.358,234,241,-0.878838,0.049793,NA,kenya,hRSV-A,0.4463,0.3512,0.39875
M_M_matrix_protein_3242:4,0.2745,0.2843,0.601,0.0936,0.156,-0.115,0.35,39.97,0.301,0.368,246,256,-0.052344,0.074219,NA,kenya,hRSV-A,0.4125,0.3619,0.3872
SH_SH_small_hydrophobic_p,0.2264,0.3396,0.6222,0.0625,0.13,0.005,0.417,45.45,0.333,0.318,60,64,0.585937,0.125,NA,kenya,hRSV-A,0.2615,0.3077,0.2846
G_G_attachment_glycoprote,0.1617,0.4468,0.5082,0.1187,0.199,-0.004,0.433,48.3,0.447,0.426,293,298,-0.619799,0.050336,NA,kenya,hRSV-A,0.3411,0.4783,0.4097
F_F_fusion_protein_5640:7,0.3686,0.2373,0.5126,0.1311,0.171,-0.124,0.346,45.85,0.291,0.351,561,574,-0.020209,0.067944,NA,kenya,hRSV-A,0.3722,0.3739,0.37305
M2-1_M2-1_matrix_protein_,0.3718,0.2564,0.471,0.2114,0.163,-0.118,0.354,48.12,0.349,0.368,189,194,-0.647938,0.051546,NA,kenya,hRSV-A,0.3897,0.3487,0.3692
M2-2_M2-2_matrix_protein_,0.4384,0.1918,0.6296,0.0976,0.129,-0.212,0.298,32.28,0.214,0.299,84,88,-0.328409,0.102273,NA,kenya,hRSV-A,0.3708,0.2697,0.32025
L_L_RNA-directed_RNA_poly,0.4727,0.1615,0.5245,0.1424,0.148,-0.157,0.323,41.02,0.225,0.306,2093,2165,-0.186975,0.103464,NA,kenya,hRSV-A,0.3583,0.3079,0.3331
NS1_NS1_nonstructural_pro,0.4375,0.1786,0.5699,0.1111,0.164,-0.123,0.344,46.11,0.221,0.302,131,139,0.048921,0.064748,NA,mexico,hRSV-A,0.3429,0.2929,0.3179
NS2_NS2_nonstructural_pro,0.32,0.26,0.5714,0.1857,0.152,-0.09,0.37,44.37,0.328,0.339,119,124,-0.36371,0.112903,NA,mexico,hRSV-A,0.344,0.32,0.332
N_N_nucleoprotein_1123:22,0.3889,0.1928,0.5361,0.1585,0.181,-0.086,0.372,45.08,0.269,0.371,376,391,-0.205115,0.076726,NA,mexico,hRSV-A,0.477,0.3393,0.40815
P_P_phosphoprotein_2330:3,0.3661,0.2022,0.6271,0.1187,0.159,-0.14,0.355,42.86,0.239,0.351,234,241,-0.886722,0.049793,NA,mexico,hRSV-A,0.4463,0.3471,0.3967
M_M_matrix_protein_3238:4,0.2683,0.2878,0.6031,0.0936,0.15,-0.131,0.34,39.71,0.304,0.368,247,256,-0.042188,0.074219,NA,mexico,hRSV-A,0.4125,0.3619,0.3872
SH_SH_small_hydrophobic_p,0.2075,0.3585,0.6222,0.0625,0.13,0.005,0.417,44.49,0.35,0.323,60,64,0.585937,0.125,NA,mexico,hRSV-A,0.2615,0.3077,0.2846
G_G_attachment_glycoprote,0.1639,0.437,0.5103,0.1182,0.198,-0.019,0.423,44.77,0.444,0.421,293,297,-0.587205,0.047138,NA,mexico,hRSV-A,0.3322,0.4799,0.40605
F_F_fusion_glycoprotein_5,0.3644,0.2352,0.516,0.1333,0.17,-0.12,0.348,45.9,0.291,0.352,561,574,-0.006794,0.067944,NA,mexico,hRSV-A,0.3757,0.3739,0.3748
M2-1_M2-1_M2-1_protein_75,0.3654,0.2564,0.4928,0.1951,0.16,-0.109,0.36,48.9,0.339,0.364,189,194,-0.647938,0.051546,NA,mexico,hRSV-A,0.3897,0.3487,0.3692
M2-2_M2-2_M2-2_protein_81,0.4384,0.1918,0.6481,0.0714,0.123,-0.229,0.286,43.09,0.202,0.292,84,88,-0.275,0.102273,NA,mexico,hRSV-A,0.3708,0.2584,0.3146
L_L_RNA-dependent_RNA_pol,0.4679,0.1666,0.5169,0.1497,0.148,-0.159,0.322,41.68,0.234,0.31,2093,2165,-0.188268,0.103464,NA,mexico,hRSV-A,0.3601,0.3098,0.33495
NS1_NS1_nonstructural_pro,0.4196,0.1964,0.5591,0.1235,0.163,-0.123,0.344,49.61,0.244,0.312,131,139,0.048921,0.064748,NA,netherlands,hRSV-A,0.35,0.2929,0.32145
NS2_NS2_nonstructural_pro,0.33,0.26,0.5714,0.1714,0.153,-0.09,0.37,41.13,0.319,0.336,119,124,-0.36371,0.112903,NA,netherlands,hRSV-A,0.344,0.32,0.332
N_N_nucleoprotein_1113:22,0.402,0.183,0.5223,0.1698,0.181,-0.091,0.37,46.36,0.269,0.371,376,391,-0.205115,0.076726,NA,netherlands,hRSV-A,0.477,0.3393,0.40815
P_P_phosphoprotein_2320:3,0.3587,0.2011,0.6271,0.125,0.157,-0.138,0.355,43.93,0.244,0.354,234,241,-0.878838,0.049793,NA,netherlands,hRSV-A,0.4463,0.3512,0.39875
M_M_matrix_protein_3229:3,0.2794,0.2794,0.6031,0.0936,0.151,-0.133,0.34,39.98,0.296,0.365,247,256,-0.049609,0.074219,NA,netherlands,hRSV-A,0.4125,0.358,0.38525
SH_SH_small_hydrophobic_p,0.2264,0.3396,0.6,0.0909,0.14,0.007,0.417,45.6,0.35,0.328,60,64,0.58125,0.125,NA,netherlands,hRSV-A,0.2769,0.3077,0.2923
G_G_attachment_glycoprote,0.1804,0.4275,0.5113,0.1074,0.198,-0.011,0.429,50.08,0.426,0.421,317,321,-0.633956,0.049844,NA,netherlands,hRSV-A,0.3416,0.4876,0.4146
F_F_fusion_glycoprotein_5,0.3729,0.2373,0.5068,0.1308,0.172,-0.121,0.348,45.96,0.291,0.351,561,574,-0.010976,0.067944,NA,netherlands,hRSV-A,0.3722,0.3757,0.37395
M2-1_M2-1_M2-1_protein_76,0.3654,0.2628,0.4928,0.187,0.168,-0.082,0.376,48.02,0.339,0.364,189,194,-0.647938,0.051546,NA,netherlands,hRSV-A,0.3897,0.3487,0.3692
M2-2_M2-2_M2-2_protein_82,0.4384,0.1918,0.6364,0.0714,0.123,-0.253,0.274,44.68,0.202,0.295,84,88,-0.277273,0.113636,NA,netherlands,hRSV-A,0.3596,0.2809,0.32025
L_L_RNA-dependent_RNA_pol,0.4701,0.1645,0.5228,0.143,0.148,-0.157,0.323,41.31,0.227,0.307,2093,2165,-0.186189,0.103926,NA,netherlands,hRSV-A,0.3587,0.3093,0.334
NS1_NS1_nonstructural_pro,0.4286,0.1875,0.5591,0.1235,0.158,-0.149,0.328,48.6,0.237,0.309,131,139,0.048921,0.064748,NA,peru,hRSV-A,0.35,0.2929,0.32145
NS2_NS2_nonstructural_pro,0.31,0.29,0.5476,0.1857,0.157,-0.061,0.387,42.79,0.353,0.347,119,124,-0.36371,0.112903,NA,peru,hRSV-A,0.344,0.32,0.332
N_N_nucleoprotein_1123:22,0.3889,0.1928,0.543,0.1509,0.178,-0.096,0.367,47.72,0.263,0.369,376,391,-0.205115,0.076726,NA,peru,hRSV-A,0.477,0.3393,0.40815
P_P_phosphoprotein_2330:3,0.3587,0.2065,0.6158,0.1321,0.155,-0.129,0.359,45.2,0.252,0.355,234,241,-0.857261,0.049793,NA,peru,hRSV-A,0.4463,0.3471,0.3967
M_M_matrix_protein_3237:4,0.2829,0.278,0.5876,0.1047,0.153,-0.129,0.34,40.24,0.304,0.37,247,256,-0.044922,0.074219,NA,peru,hRSV-A,0.4163,0.3619,0.3891
SH_SH_small_hydrophobic_p,0.2453,0.3208,0.6222,0.0625,0.129,-0.024,0.4,45.45,0.317,0.312,60,64,0.585937,0.125,NA,peru,hRSV-A,0.2615,0.3077,0.2846
G_G_attachment_glycoprote,0.1686,0.4431,0.5057,0.1125,0.204,0.01,0.442,50.28,0.442,0.429,317,321,-0.660125,0.046729,NA,peru,hRSV-A,0.3509,0.4876,0.41925
F_F_fusion_glycoprotein_5,0.375,0.2352,0.5,0.1385,0.171,-0.124,0.346,47.1,0.294,0.353,561,574,-0.010976,0.067944,NA,peru,hRSV-A,0.3739,0.3757,0.3748
M2-1_M2-1_M2-1_protein_76,0.3782,0.2564,0.4928,0.1789,0.174,-0.063,0.386,48.72,0.328,0.363,189,194,-0.647938,0.051546,NA,peru,hRSV-A,0.3949,0.3487,0.3718
M2-2_M2-2_M2-2_protein_82,0.4384,0.1918,0.6481,0.0732,0.121,-0.253,0.274,44.62,0.202,0.288,84,88,-0.376136,0.113636,NA,peru,hRSV-A,0.3596,0.2584,0.309
L_L_RNA-dependent_RNA_pol,0.4693,0.1633,0.5275,0.1408,0.148,-0.162,0.32,40.88,0.225,0.307,2093,2165,-0.190577,0.103464,NA,peru,hRSV-A,0.3606,0.3093,0.33495
NS1_NS1_nonstructural_pro,0.4375,0.1786,0.5591,0.1235,0.161,-0.136,0.336,48.53,0.229,0.307,131,139,0.048921,0.064748,NA,russia,hRSV-A,0.35,0.2929,0.32145
NS2_NS2_nonstructural_pro,0.31,0.28,0.5714,0.1714,0.156,-0.075,0.378,42.19,0.336,0.341,119,124,-0.36371,0.112903,NA,russia,hRSV-A,0.344,0.32,0.332
N_N_nucleoprotein_1111:22,0.3889,0.1928,0.5361,0.1585,0.177,-0.105,0.362,45.36,0.269,0.371,376,391,-0.205115,0.076726,NA,russia,hRSV-A,0.477,0.3393,0.40815
P_P_phosphoprotein_2319:3,0.3533,0.2065,0.6271,0.125,0.158,-0.138,0.355,43.73,0.248,0.355,234,241,-0.878838,0.049793,NA,russia,hRSV-A,0.4463,0.3512,0.39875
M_M_matrix_protein_3227:3,0.2732,0.2829,0.5979,0.0994,0.149,-0.131,0.34,39.43,0.304,0.368,247,256,-0.042188,0.074219,NA,russia,hRSV-A,0.4125,0.3619,0.3872
SH_SH_small_hydrophobic_p,0.2075,0.3396,0.6304,0.0588,0.121,-0.019,0.4,52.11,0.333,0.323,60,64,0.51875,0.109375,NA,russia,hRSV-A,0.2615,0.3231,0.2923
G_G_attachment_glycoprote,0.1686,0.4471,0.4962,0.1162,0.198,-0.019,0.423,49.39,0.448,0.431,317,321,-0.616511,0.046729,NA,russia,hRSV-A,0.354,0.4845,0.41925
F_F_fusion_glycoprotein_5,0.3665,0.2352,0.5137,0.1337,0.17,-0.117,0.349,45.84,0.291,0.351,561,574,-0.009059,0.067944,NA,russia,hRSV-A,0.3739,0.3739,0.3739
M2-1_M2-1_M2-1_protein_76,0.3654,0.2628,0.4928,0.187,0.168,-0.082,0.376,48.02,0.339,0.364,189,194,-0.647938,0.051546,NA,russia,hRSV-A,0.3897,0.3487,0.3692
M2-2_M2-2_M2-2_protein_81,0.4384,0.1918,0.6481,0.0732,0.123,-0.253,0.274,44.18,0.202,0.292,84,88,-0.332955,0.102273,NA,russia,hRSV-A,0.3596,0.2697,0.31465
L_L_RNA-dependent_RNA_pol,0.4707,0.1637,0.5182,0.1484,0.148,-0.162,0.32,41.55,0.23,0.309,2093,2165,-0.185635,0.103002,NA,russia,hRSV-A,0.361,0.3089,0.33495
NS1_NS1_nonstructural_pro,0.4375,0.1786,0.5591,0.1235,0.161,-0.136,0.336,48.1,0.229,0.307,131,139,0.048921,0.064748,NA,south-africa,hRSV-A,0.35,0.2929,0.32145
NS2_NS2_nonstructural_pro,0.3232,0.2727,0.5714,0.1714,0.154,-0.092,0.37,41.66,0.328,0.336,119,124,-0.358871,0.112903,NA,south-africa,hRSV-A,0.344,0.312,0.328
N_N_nucleocapsid_protein_,0.4039,0.1726,0.5379,0.1623,0.173,-0.127,0.348,45.06,0.255,0.368,376,391,-0.205882,0.076726,NA,south-africa,hRSV-A,0.4821,0.3393,0.4107
P_P_phosphoprotein_2341:3,0.3424,0.2174,0.6215,0.1304,0.161,-0.137,0.355,43.33,0.261,0.361,234,241,-0.880083,0.049793,NA,south-africa,hRSV-A,0.4504,0.3512,0.4008
M_M_matrix_protein_3249:4,0.2808,0.2808,0.601,0.0936,0.156,-0.125,0.346,39.9,0.297,0.367,246,256,-0.08086,0.074219,NA,south-africa,hRSV-A,0.4125,0.3658,0.38915
SH_SH_small_hydrophobic_p,0.2264,0.3396,0.6222,0.0625,0.13,0.005,0.417,45.45,0.333,0.318,60,64,0.585937,0.125,NA,south-africa,hRSV-A,0.2615,0.3077,0.2846
G_G_attachment_glycoprote,0.1957,0.4128,0.5041,0.1222,0.202,-0.009,0.43,48.93,0.423,0.418,293,297,-0.63468,0.043771,NA,south-africa,hRSV-A,0.3423,0.4799,0.4111
F_F_fusion_protein_5648:7,0.3644,0.2415,0.5023,0.1407,0.171,-0.118,0.349,44.42,0.301,0.357,561,574,-0.014982,0.067944,NA,south-africa,hRSV-A,0.3757,0.3774,0.37655
M2-1_M2-1_M2-1_protein_75,0.3718,0.2628,0.4855,0.1855,0.166,-0.09,0.37,48.26,0.339,0.366,189,194,-0.670619,0.051546,NA,south-africa,hRSV-A,0.3949,0.3487,0.3718
M2-2_M2-2_M2-2_protein_81,0.4189,0.1892,0.6296,0.122,0.119,-0.267,0.262,44.38,0.226,0.303,84,88,-0.311364,0.102273,NA,south-africa,hRSV-A,0.3596,0.2809,0.32025
L_L_large_polymerase_8483,0.4716,0.1633,0.5228,0.1424,0.147,-0.159,0.321,41.25,0.226,0.306,2092,2165,-0.182956,0.104388,NA,south-africa,hRSV-A,0.3583,0.3079,0.3331
NS1_NS1_nonstructural_pro,0.4375,0.1786,0.5484,0.1358,0.164,-0.123,0.344,49.7,0.237,0.309,131,139,0.048921,0.064748,NA,south-korea,hRSV-A,0.35,0.2929,0.32145
NS2_NS2_nonstructural_pro,0.32,0.26,0.5952,0.1571,0.146,-0.104,0.361,39.9,0.311,0.333,119,124,-0.36371,0.112903,NA,south-korea,hRSV-A,0.344,0.32,0.332
N_N_nucleoprotein_1143:23,0.3954,0.183,0.5498,0.1472,0.176,-0.1,0.364,45.23,0.253,0.366,376,391,-0.205115,0.076726,NA,south-korea,hRSV-A,0.477,0.3393,0.40815
P_P_phosphoprotein_2354:3,0.3661,0.2077,0.6193,0.1195,0.155,-0.142,0.352,43.18,0.245,0.354,233,241,-0.86805,0.049793,NA,south-korea,hRSV-A,0.4463,0.3471,0.3967
M_M_matrix_protein_3263:4,0.2696,0.2843,0.6166,0.0819,0.149,-0.136,0.337,38.98,0.293,0.366,246,256,-0.052344,0.074219,NA,south-korea,hRSV-A,0.4125,0.3619,0.3872
SH_SH_small_hydrophobic_p,0.1887,0.3774,0.6222,0.0625,0.142,0.062,0.45,58.24,0.367,0.323,60,64,0.585937,0.125,NA,south-korea,hRSV-A,0.2462,0.3077,0.27695
G_G_attachment_glycoprote,0.1617,0.4468,0.5041,0.1171,0.208,0.033,0.454,49.89,0.447,0.422,293,297,-0.568687,0.047138,NA,south-korea,hRSV-A,0.3322,0.4799,0.40605
F_F_fusion_glycoprotein_5,0.3644,0.2436,0.5138,0.1292,0.172,-0.118,0.349,46.38,0.294,0.351,561,574,-0.008362,0.069686,NA,south-korea,hRSV-A,0.3722,0.3722,0.3722
M2-1_M2-1_M2-1_protein_76,0.3462,0.2756,0.5072,0.1789,0.173,-0.054,0.392,48.68,0.344,0.366,189,194,-0.647938,0.051546,NA,south-korea,hRSV-A,0.3897,0.3487,0.3692
M2-2_M2-2_M2-2_protein_81,0.4384,0.1781,0.6667,0.0714,0.122,-0.27,0.262,41.62,0.19,0.292,84,88,-0.3125,0.102273,NA,south-korea,hRSV-A,0.3708,0.2697,0.32025
L_L_RNA-dependent_RNA_pol,0.4613,0.1706,0.5261,0.1423,0.147,-0.159,0.322,41.56,0.232,0.309,2092,2165,-0.18836,0.103464,NA,south-korea,hRSV-A,0.3592,0.3098,0.3345
NS1_NS1_nonstructural_pro,0.4375,0.1786,0.5591,0.1235,0.161,-0.136,0.336,48.1,0.229,0.307,131,139,0.048921,0.064748,NA,thailand,hRSV-A,0.35,0.2929,0.32145
NS2_NS2_nonstructural_pro,0.32,0.27,0.5595,0.1857,0.153,-0.09,0.37,41.85,0.336,0.341,119,124,-0.36371,0.112903,NA,thailand,hRSV-A,0.344,0.32,0.332
N_N_nucleocapsid_protein_,0.3987,0.1797,0.5361,0.1623,0.177,-0.1,0.364,45.69,0.261,0.368,376,391,-0.205115,0.076726,NA,thailand,hRSV-A,0.477,0.3393,0.40815
P_P_phosphoprotein_2330:3,0.3443,0.224,0.6193,0.1258,0.161,-0.112,0.369,44.41,0.262,0.36,233,241,-0.86805,0.049793,NA,thailand,hRSV-A,0.4463,0.3471,0.3967
M_M_matrix_protein_3239:4,0.2745,0.2794,0.6218,0.076,0.148,-0.15,0.329,38.68,0.285,0.363,246,256,-0.052344,0.074219,NA,thailand,hRSV-A,0.4125,0.3619,0.3872
SH_SH_small_hydrophobic_p,0.2075,0.3585,0.6222,0.0606,0.133,0.007,0.417,61,0.35,0.323,60,64,0.58125,0.125,NA,thailand,hRSV-A,0.2615,0.3077,0.2846
G_G_attachment_glycoprote,0.1811,0.4409,0.4851,0.1189,0.207,0.024,0.448,54.24,0.445,0.43,317,321,-0.602492,0.049844,NA,thailand,hRSV-A,0.3509,0.4876,0.41925
F_F_fusion_protein_5710:7,0.3644,0.2415,0.5126,0.1314,0.17,-0.12,0.348,46.66,0.294,0.351,561,574,-0.010976,0.067944,NA,thailand,hRSV-A,0.3722,0.3722,0.3722
M2-1_M2-1_M2-1_protein_76,0.359,0.2692,0.4928,0.187,0.172,-0.054,0.392,49.63,0.344,0.366,189,194,-0.647938,0.051546,NA,thailand,hRSV-A,0.3897,0.3487,0.3692
M2-2_M2-2_M2-2_protein_82,0.4384,0.1918,0.6481,0.0732,0.123,-0.253,0.274,44.83,0.202,0.295,84,88,-0.304545,0.102273,NA,thailand,hRSV-A,0.3708,0.2697,0.32025
L_L_large_polymerase_8545,0.4701,0.1645,0.5232,0.1424,0.148,-0.16,0.321,41.09,0.227,0.307,2091,2165,-0.185404,0.103464,NA,thailand,hRSV-A,0.3592,0.3093,0.33425
NS1_NS1_nonstructural_pro,0.4286,0.1875,0.5591,0.1235,0.158,-0.149,0.328,48.6,0.237,0.309,131,139,0.048921,0.064748,NA,usa,hRSV-A,0.35,0.2929,0.32145
NS2_NS2_nonstructural_pro,0.31,0.29,0.5476,0.1857,0.157,-0.061,0.387,42.79,0.353,0.347,119,124,-0.36371,0.112903,NA,usa,hRSV-A,0.344,0.32,0.332
N_N_nucleoprotein_1128:23,0.3856,0.1961,0.543,0.1509,0.178,-0.091,0.37,47.9,0.266,0.37,376,391,-0.205115,0.076726,NA,usa,hRSV-A,0.477,0.3393,0.40815
P_P_phosphoprotein_2335:3,0.3641,0.2011,0.6158,0.1321,0.157,-0.129,0.359,44.85,0.248,0.354,234,241,-0.857261,0.049793,NA,usa,hRSV-A,0.4463,0.3471,0.3967
M_M_matrix_protein_3243:4,0.2878,0.2732,0.5876,0.1047,0.152,-0.136,0.336,40.15,0.3,0.368,247,256,-0.044922,0.074219,NA,usa,hRSV-A,0.4163,0.3619,0.3891
SH_SH_small_hydrophobic_p,0.2453,0.3208,0.6222,0.0625,0.129,-0.024,0.4,45.45,0.317,0.312,60,64,0.585937,0.125,NA,usa,hRSV-A,0.2615,0.3077,0.2846
G_G_attachment_glycoprote,0.1686,0.4392,0.5057,0.1176,0.201,-0.004,0.432,48.93,0.442,0.427,317,321,-0.631776,0.046729,NA,usa,hRSV-A,0.3509,0.4814,0.41615
F_F_fusion_glycoprotein_5,0.3771,0.2352,0.5,0.1359,0.171,-0.12,0.348,47.46,0.292,0.352,561,574,-0.006794,0.067944,NA,usa,hRSV-A,0.3739,0.3739,0.3739
M2-1_M2-1_M2-1_protein_76,0.3782,0.2564,0.4855,0.187,0.173,-0.073,0.381,48.93,0.333,0.364,189,194,-0.647938,0.051546,NA,usa,hRSV-A,0.3949,0.3487,0.3718
M2-2_M2-2_M2-2_protein_82,0.4384,0.1918,0.6481,0.0732,0.121,-0.253,0.274,44.62,0.202,0.288,84,88,-0.376136,0.113636,NA,usa,hRSV-A,0.3596,0.2584,0.309
L_L_RNA-dependent_RNA_pol,0.4696,0.1632,0.5274,0.1407,0.148,-0.162,0.32,40.99,0.225,0.307,2095,2166,-0.192059,0.103416,NA,usa,hRSV-A,0.3599,0.3096,0.33475
NS1_NS1_nonstructural_pro,0.4138,0.1552,0.6,0.125,0.141,-0.172,0.308,37.84,0.211,0.302,133,139,0.214389,0.057554,NA,argentina,hRSV-B,0.3643,0.3,0.33215
NS2_NS2_nonstructural_pro,0.2887,0.3505,0.5119,0.1714,0.18,-0.014,0.419,34.59,0.393,0.352,117,124,-0.304839,0.112903,NA,argentina,hRSV-B,0.312,0.312,0.312
N_N_nucleoprotein_1097:22,0.3497,0.1928,0.5836,0.1504,0.15,-0.168,0.324,44.49,0.263,0.371,377,391,-0.21867,0.076726,NA,argentina,hRSV-B,0.4872,0.3342,0.4107
P_P_phosphoprotein_2305:3,0.3478,0.2772,0.5531,0.1227,0.196,-0.037,0.415,46.46,0.303,0.375,234,241,-0.823651,0.049793,NA,argentina,hRSV-B,0.438,0.3636,0.4008
M_M_matrix_protein_3220:3,0.3398,0.2427,0.5025,0.1667,0.199,-0.051,0.387,49.42,0.319,0.375,248,256,-0.017578,0.078125,NA,argentina,hRSV-B,0.4125,0.3696,0.39105
SH_SH_small_hydrophobic_p,0.32,0.28,0.5957,0.0588,0.142,-0.026,0.4,33.86,0.267,0.297,60,65,0.62,0.107692,NA,argentina,hRSV-B,0.2879,0.2727,0.2803
G_G_attachment_glycoprote,0.2177,0.3871,0.5451,0.0773,0.218,0.049,0.463,45.18,0.371,0.411,307,310,-0.817097,0.025806,NA,argentina,hRSV-B,0.3601,0.492,0.42605
F_F_fusion_glycoprotein_5,0.3789,0.2189,0.5035,0.1522,0.173,-0.077,0.371,48.26,0.289,0.347,560,574,-0.04547,0.067944,NA,argentina,hRSV-B,0.367,0.3652,0.3661
M2_M2_M2-1_protein_7627:8,0.3548,0.271,0.4789,0.2066,0.149,-0.068,0.384,45.03,0.353,0.366,190,195,-0.60718,0.051282,NA,argentina,hRSV-B,0.3827,0.3418,0.36225
M2_M2_M2-2_protein_8180:8,0.4054,0.2162,0.6207,0.1087,0.151,-0.198,0.299,44.32,0.241,0.281,87,90,-0.088889,0.111111,NA,argentina,hRSV-B,0.3297,0.2418,0.28575
L_L_RNA-dependent_RNA_pol,0.4561,0.1728,0.5277,0.14,0.151,-0.145,0.33,43,0.234,0.313,2094,2166,-0.175485,0.10434,NA,argentina,hRSV-B,0.365,0.3138,0.3394
NS1_NS1_nonstructural_pro,0.4138,0.1466,0.6,0.1375,0.137,-0.185,0.301,37.84,0.211,0.302,133,139,0.214389,0.057554,NA,australia,hRSV-B,0.3643,0.3,0.33215
NS2_NS2_nonstructural_pro,0.299,0.3505,0.5,0.1714,0.178,-0.014,0.419,38.58,0.393,0.352,117,124,-0.304839,0.112903,NA,australia,hRSV-B,0.312,0.312,0.312
N_N_nucleocapsid_protein_,0.3464,0.1961,0.5836,0.1498,0.151,-0.163,0.326,44.5,0.265,0.373,377,391,-0.219437,0.076726,NA,australia,hRSV-B,0.4923,0.3342,0.41325
P_P_phosphoprotein_2305:3,0.337,0.2826,0.5587,0.1227,0.195,-0.037,0.415,46.07,0.308,0.378,234,241,-0.823651,0.049793,NA,australia,hRSV-B,0.4421,0.3636,0.40285
M_M_matrix_protein_3154:3,0.3378,0.2477,0.5189,0.1613,0.198,-0.058,0.385,50.07,0.315,0.369,270,278,-0.108993,0.071942,NA,australia,hRSV-B,0.4158,0.3548,0.3853
SH_SH_small_hydrophobic_p,0.32,0.28,0.5957,0.0588,0.142,-0.026,0.4,33.86,0.267,0.297,60,65,0.62,0.107692,NA,australia,hRSV-B,0.2879,0.2727,0.2803
G_G_attachment_glycoprote,0.2258,0.375,0.5529,0.0739,0.209,0.033,0.453,44.75,0.358,0.401,307,310,-0.796452,0.029032,NA,australia,hRSV-B,0.3473,0.4887,0.418
F_F_fusion_glycoprotein_5,0.3811,0.2189,0.5,0.1514,0.175,-0.072,0.375,48.02,0.289,0.347,560,574,-0.037631,0.069686,NA,australia,hRSV-B,0.3635,0.3687,0.3661
M2-1_M2-1_transcription_e,0.3742,0.2516,0.4718,0.2149,0.145,-0.105,0.363,44.69,0.342,0.362,190,195,-0.60718,0.051282,NA,australia,hRSV-B,0.3827,0.3418,0.36225
M2-2_M2-2_transcription_e,0.411,0.2192,0.6316,0.0909,0.153,-0.186,0.302,37.4,0.233,0.285,86,90,-0.026667,0.088889,NA,australia,hRSV-B,0.3516,0.2308,0.2912
L_L_RNA-directed_RNA_poly,0.4606,0.1666,0.526,0.1436,0.15,-0.15,0.327,42.85,0.231,0.312,2094,2166,-0.174515,0.103878,NA,australia,hRSV-B,0.3646,0.3152,0.3399
NS1_NS1_nonstructural_pro,0.4052,0.1552,0.6105,0.125,0.138,-0.172,0.308,37.87,0.211,0.302,133,139,0.214389,0.057554,NA,brazil,hRSV-B,0.3643,0.3,0.33215
NS2_NS2_nonstructural_pro,0.3265,0.3265,0.4941,0.1714,0.178,-0.018,0.415,41.05,0.373,0.341,118,124,-0.283871,0.112903,NA,brazil,hRSV-B,0.304,0.312,0.308
N_N_nucleoprotein_1132:23,0.3464,0.1993,0.5734,0.1579,0.15,-0.168,0.324,45.46,0.273,0.375,377,391,-0.22353,0.074169,NA,brazil,hRSV-B,0.4898,0.3342,0.412
P_P_phosphoprotein_2340:3,0.3478,0.2717,0.5587,0.1227,0.191,-0.059,0.402,45.36,0.299,0.375,234,241,-0.823651,0.049793,NA,brazil,hRSV-B,0.4421,0.3636,0.40285
M_M_matrix_protein_3255:4,0.3415,0.2439,0.5255,0.1387,0.193,-0.062,0.381,49.39,0.3,0.37,247,256,-0.007422,0.078125,NA,brazil,hRSV-B,0.4163,0.3658,0.39105
SH_SH_small_hydrophobic_p,0.36,0.24,0.5957,0.0588,0.138,-0.083,0.367,32.89,0.233,0.282,60,65,0.62,0.107692,NA,brazil,hRSV-B,0.2727,0.2727,0.2727
G_G_attachment_glycoprote,0.2103,0.3849,0.5632,0.0714,0.211,0.038,0.455,44.08,0.363,0.402,314,317,-0.816404,0.0347,NA,brazil,hRSV-B,0.3491,0.4843,0.4167
F_F_fusion_protein_5711:7,0.3684,0.2295,0.508,0.1462,0.179,-0.053,0.387,48.1,0.294,0.348,561,574,-0.029094,0.069686,NA,brazil,hRSV-B,0.3635,0.3687,0.3661
M2-1_M2-1_matrix_protein_,0.3484,0.2774,0.4789,0.2049,0.151,-0.077,0.379,45.94,0.358,0.369,190,195,-0.608718,0.051282,NA,brazil,hRSV-B,0.3878,0.3418,0.3648
M2-2_M2-2_matrix_protein_,0.411,0.2192,0.614,0.1111,0.153,-0.19,0.302,42.91,0.244,0.293,86,90,-0.084444,0.088889,NA,brazil,hRSV-B,0.3516,0.2418,0.2967
L_L_RNA-directed_RNA_poly,0.4584,0.1694,0.5267,0.1425,0.15,-0.147,0.328,42.98,0.232,0.312,2093,2166,-0.17253,0.103878,NA,brazil,hRSV-B,0.3646,0.3138,0.3392
NS1_NS1_nonstructural_pro,0.4138,0.1466,0.6,0.1375,0.137,-0.185,0.301,37.84,0.211,0.302,133,139,0.214389,0.057554,NA,canada,hRSV-B,0.3643,0.3,0.33215
NS2_NS2_nonstructural_pro,0.3021,0.3542,0.5,0.1714,0.186,-0.001,0.427,38.64,0.393,0.347,117,124,-0.303226,0.112903,NA,canada,hRSV-B,0.304,0.304,0.304
N_N_nucleoprotein_1110:22,0.3399,0.2026,0.5802,0.1541,0.147,-0.178,0.318,44.65,0.273,0.374,377,391,-0.21867,0.076726,NA,canada,hRSV-B,0.4872,0.3342,0.4107
P_P_phosphoprotein_2318:3,0.3315,0.288,0.5587,0.1227,0.197,-0.029,0.419,46.1,0.312,0.379,234,241,-0.823651,0.049793,NA,canada,hRSV-B,0.4421,0.3636,0.40285
M_M_matrix_protein_3233:4,0.3398,0.2427,0.5076,0.1609,0.194,-0.072,0.375,49.36,0.315,0.374,248,256,-0.017578,0.078125,NA,canada,hRSV-B,0.4125,0.3696,0.39105
SH_SH_small_hydrophobic_p,0.32,0.28,0.5957,0.0588,0.142,-0.026,0.4,33.86,0.267,0.297,60,65,0.62,0.107692,NA,canada,hRSV-B,0.2879,0.2727,0.2803
G_G_attachment_glycoprote,0.2177,0.3871,0.549,0.0733,0.212,0.044,0.459,44.84,0.368,0.408,307,310,-0.806129,0.029032,NA,canada,hRSV-B,0.3537,0.492,0.42285
F_F_fusion_glycoprotein_5,0.3768,0.2253,0.5023,0.1462,0.177,-0.066,0.379,47.06,0.291,0.347,560,574,-0.037631,0.069686,NA,canada,hRSV-B,0.3635,0.3687,0.3661
M2_M2_M2-1_protein_7639:8,0.3677,0.2581,0.4718,0.2149,0.145,-0.096,0.368,44.82,0.347,0.364,190,195,-0.60718,0.051282,NA,canada,hRSV-B,0.3827,0.3418,0.36225
M2_M2_M2-2_protein_8192:8,0.3784,0.2432,0.6207,0.1087,0.152,-0.178,0.31,59.29,0.264,0.3,87,90,-0.113333,0.088889,NA,canada,hRSV-B,0.3516,0.2527,0.30215
L_L_RNA-dependent_RNA_pol,0.4609,0.1672,0.5247,0.1435,0.15,-0.15,0.326,42.89,0.231,0.312,2093,2166,-0.174238,0.103878,NA,canada,hRSV-B,0.3646,0.3152,0.3399
NS1_NS1_nonstructural_pro,0.4052,0.1552,0.5895,0.15,0.137,-0.185,0.301,38.44,0.226,0.305,133,139,0.214389,0.057554,NA,china,hRSV-B,0.3571,0.3,0.32855
NS2_NS2_nonstructural_pro,0.3093,0.3402,0.5,0.1714,0.175,-0.029,0.41,38.58,0.385,0.349,117,124,-0.304839,0.112903,NA,china,hRSV-B,0.312,0.312,0.312
N_N_nucleoprotein_1055:22,0.3464,0.1961,0.587,0.1466,0.149,-0.168,0.324,44.41,0.263,0.371,377,391,-0.21867,0.076726,NA,china,hRSV-B,0.4872,0.3342,0.4107
P_P_phosphoprotein_2263:2,0.337,0.2826,0.5475,0.135,0.194,-0.052,0.406,46.31,0.316,0.379,234,241,-0.823651,0.049793,NA,china,hRSV-B,0.438,0.3636,0.4008
M_M_matrix_protein_3178:3,0.3447,0.2379,0.5076,0.1609,0.19,-0.072,0.375,49.41,0.31,0.372,248,256,-0.017578,0.078125,NA,china,hRSV-B,0.4125,0.3696,0.39105
SH_SH_small_hydrophobic_p,0.32,0.28,0.5957,0.0588,0.142,-0.026,0.4,33.86,0.267,0.297,60,65,0.62,0.107692,NA,china,hRSV-B,0.2879,0.2727,0.2803
G_G_attachment_glycoprote,0.2209,0.3855,0.5512,0.069,0.221,0.062,0.469,44.96,0.365,0.408,307,310,-0.802258,0.025806,NA,china,hRSV-B,0.3601,0.4887,0.4244
F_F_fusion_protein_5633:7,0.3832,0.2211,0.4919,0.1605,0.175,-0.075,0.373,48.87,0.296,0.348,560,574,-0.04669,0.069686,NA,china,hRSV-B,0.3652,0.3635,0.36435
M2-1_M2-1_matrix_protein_,0.3613,0.2645,0.4718,0.2131,0.144,-0.095,0.368,45.51,0.353,0.368,190,195,-0.608718,0.051282,NA,china,hRSV-B,0.3878,0.3418,0.3648
M2-2_M2-2_matrix_protein_,0.4054,0.2162,0.6207,0.1087,0.151,-0.198,0.299,44.21,0.241,0.285,87,90,-0.11,0.1,NA,china,hRSV-B,0.3407,0.2418,0.29125
L_L_RNA-dependent_RNA_pol,0.4578,0.1694,0.5284,0.1409,0.149,-0.149,0.327,42.92,0.231,0.312,2093,2165,-0.170254,0.103926,NA,china,hRSV-B,0.3646,0.3147,0.33965
NS1_NS1_nonstructural_pro,0.4138,0.1466,0.5895,0.15,0.136,-0.197,0.293,38.24,0.218,0.305,133,139,0.214389,0.057554,NA,germany,hRSV-B,0.3643,0.3,0.33215
NS2_NS2_nonstructural_pro,0.3093,0.3402,0.5,0.1714,0.175,-0.029,0.41,38.58,0.385,0.349,117,124,-0.304839,0.112903,NA,germany,hRSV-B,0.312,0.312,0.312
N_N_nucleocapsid_protein_,0.3464,0.1961,0.587,0.1466,0.149,-0.168,0.324,44.64,0.263,0.371,377,391,-0.21867,0.076726,NA,germany,hRSV-B,0.4872,0.3342,0.4107
P_P_phosphoprotein_2346:3,0.3424,0.2772,0.5587,0.1227,0.195,-0.044,0.41,45.91,0.303,0.375,234,241,-0.823651,0.049793,NA,germany,hRSV-B,0.438,0.3636,0.4008
M_M_matrix_protein_3261:4,0.3447,0.2427,0.5025,0.1609,0.195,-0.065,0.379,49.41,0.315,0.374,248,256,-0.017578,0.078125,NA,germany,hRSV-B,0.4125,0.3696,0.39105
SH_SH_small_hydrophobic_p,0.3,0.3,0.5957,0.0588,0.142,-0.026,0.4,34.21,0.283,0.303,60,65,0.62,0.107692,NA,germany,hRSV-B,0.2879,0.2727,0.2803
G_G_attachment_glycoprote,0.2283,0.378,0.5462,0.0763,0.219,0.046,0.459,47.21,0.363,0.407,314,317,-0.767823,0.028391,NA,germany,hRSV-B,0.3679,0.4811,0.4245
F_F_fusion_protein_5717:7,0.384,0.2194,0.5,0.1522,0.176,-0.072,0.375,48.46,0.289,0.346,560,574,-0.047387,0.069686,NA,germany,hRSV-B,0.3652,0.3635,0.36435
M2-1_M2-1_transcription_e,0.3613,0.2645,0.4718,0.2149,0.147,-0.087,0.374,44.82,0.353,0.366,190,195,-0.60718,0.051282,NA,germany,hRSV-B,0.3827,0.3418,0.36225
M2-2_M2-2_transcription_r,0.4054,0.2162,0.6207,0.1087,0.151,-0.198,0.299,44.21,0.241,0.285,87,90,-0.11,0.1,NA,germany,hRSV-B,0.3407,0.2418,0.29125
L_L_RNA-directed_RNA_poly,0.4589,0.1688,0.5283,0.1399,0.149,-0.149,0.327,42.84,0.23,0.312,2094,2166,-0.171099,0.103878,NA,germany,hRSV-B,0.3641,0.3152,0.33965
NS1_NS1_nonstructural_pro,0.4224,0.1466,0.6,0.125,0.146,-0.159,0.316,37.73,0.203,0.302,133,139,0.214389,0.057554,NA,india,hRSV-B,0.3714,0.3,0.3357
NS2_NS2_nonstructural_pro,0.299,0.3505,0.5,0.1714,0.178,-0.014,0.419,38.58,0.393,0.352,117,124,-0.304839,0.112903,NA,india,hRSV-B,0.312,0.312,0.312
N_N_nucleocapsid_protein_,0.3399,0.2026,0.5836,0.1504,0.15,-0.164,0.326,44.6,0.271,0.373,377,391,-0.21867,0.076726,NA,india,hRSV-B,0.4872,0.3342,0.4107
P_P_phosphoprotein_2366:3,0.3478,0.2717,0.5587,0.1227,0.198,-0.029,0.419,45.2,0.299,0.375,234,241,-0.823651,0.049793,NA,india,hRSV-B,0.4421,0.3636,0.40285
M_M_matrix_protein_3281:4,0.3447,0.2379,0.5076,0.1609,0.193,-0.072,0.375,49.25,0.31,0.374,248,256,-0.017578,0.078125,NA,india,hRSV-B,0.4163,0.3696,0.39295
SH_SH_small_hydrophobic_p,0.3,0.3,0.5957,0.0588,0.147,0.002,0.417,30.01,0.283,0.303,60,65,0.62,0.107692,NA,india,hRSV-B,0.2879,0.2727,0.2803
G_G_attachment_glycoprote,0.2169,0.3815,0.5433,0.0858,0.207,0.02,0.446,47.56,0.375,0.41,307,310,-0.813871,0.032258,NA,india,hRSV-B,0.3505,0.4952,0.42285
F_F_fusion_glycoprotein_5,0.3734,0.2215,0.5103,0.1484,0.177,-0.068,0.378,47.27,0.289,0.345,561,574,-0.030836,0.069686,NA,india,hRSV-B,0.3635,0.3652,0.36435
M2-1_M2-1_transcription_e,0.3548,0.271,0.4648,0.2231,0.145,-0.105,0.363,44.43,0.363,0.368,190,195,-0.60718,0.051282,NA,india,hRSV-B,0.3776,0.3418,0.3597
M2-2_M2-2_transcription_e,0.4247,0.2055,0.614,0.1111,0.149,-0.21,0.291,44.53,0.233,0.293,86,90,-0.084444,0.088889,NA,india,hRSV-B,0.3626,0.2418,0.3022
L_L_RNA-directed_RNA_poly,0.4561,0.1717,0.5274,0.1414,0.15,-0.148,0.328,42.94,0.234,0.313,2094,2166,-0.171191,0.103878,NA,india,hRSV-B,0.3655,0.3143,0.3399
NS1_NS1_nonstructural_pro,0.4138,0.1466,0.6105,0.125,0.138,-0.185,0.301,36.93,0.203,0.302,133,139,0.241727,0.05036,NA,italy,hRSV-B,0.3643,0.3071,0.3357
NS2_NS2_nonstructural_pro,0.2887,0.3505,0.5119,0.1714,0.171,-0.014,0.419,37.75,0.393,0.352,117,124,-0.304839,0.112903,NA,italy,hRSV-B,0.312,0.312,0.312
N_N_nucleoprotein_1067:22,0.3431,0.1993,0.5836,0.1504,0.149,-0.168,0.324,44.56,0.268,0.373,377,391,-0.21867,0.076726,NA,italy,hRSV-B,0.4872,0.3342,0.4107
P_P_phosphoprotein_2275:3,0.3424,0.2772,0.5587,0.1227,0.194,-0.044,0.41,45.98,0.303,0.376,234,241,-0.823651,0.049793,NA,italy,hRSV-B,0.4421,0.3636,0.40285
M_M_matrix_protein_3190:3,0.3415,0.2439,0.5076,0.1609,0.197,-0.073,0.375,50.34,0.315,0.372,248,256,-0.015234,0.078125,NA,italy,hRSV-B,0.4125,0.3658,0.38915
SH_SH_small_hydrophobic_p,0.32,0.28,0.5957,0.0588,0.142,-0.026,0.4,33.86,0.267,0.297,60,65,0.62,0.107692,NA,italy,hRSV-B,0.2879,0.2727,0.2803
G_G_attachment_glycoprote,0.2169,0.3815,0.5573,0.0742,0.203,0.033,0.453,44.56,0.365,0.4,307,310,-0.760968,0.035484,NA,italy,hRSV-B,0.3441,0.4823,0.4132
F_F_fusion_glycoprotein_5,0.3882,0.2131,0.5023,0.1488,0.175,-0.085,0.368,47.05,0.282,0.344,560,574,-0.035888,0.069686,NA,italy,hRSV-B,0.3635,0.367,0.36525
M2_M2_M2-1_protein_7597:8,0.3677,0.2581,0.4718,0.2149,0.145,-0.096,0.368,44.82,0.347,0.364,190,195,-0.60718,0.051282,NA,italy,hRSV-B,0.3827,0.3418,0.36225
M2_M2_M2-2_protein_8150:8,0.411,0.2192,0.6316,0.0889,0.153,-0.19,0.302,41.33,0.233,0.289,86,90,-0.084444,0.088889,NA,italy,hRSV-B,0.3516,0.2418,0.2967
L_L_RNA-dependent_RNA_pol,0.4632,0.1655,0.5254,0.143,0.15,-0.151,0.326,42.76,0.229,0.311,2094,2166,-0.173546,0.103878,NA,italy,hRSV-B,0.365,0.3143,0.33965
NS1_NS1_non-structural_pr,0.3879,0.1724,0.5895,0.15,0.141,-0.146,0.323,40.21,0.241,0.314,133,139,0.217266,0.057554,NA,japan,hRSV-B,0.3714,0.3,0.3357
NS2_NS2_non-structural_pr,0.299,0.3505,0.5,0.1714,0.184,0.001,0.427,38.68,0.393,0.355,117,124,-0.304839,0.112903,NA,japan,hRSV-B,0.32,0.312,0.316
N_N_nucleocapsid_protein_,0.3366,0.2092,0.5768,0.1541,0.149,-0.168,0.324,45.17,0.279,0.377,377,391,-0.22353,0.074169,NA,japan,hRSV-B,0.4898,0.3342,0.412
P_P_phosphoprotein_2335:3,0.3424,0.2772,0.5587,0.1227,0.195,-0.037,0.415,46.39,0.303,0.376,234,241,-0.823651,0.049793,NA,japan,hRSV-B,0.4421,0.3636,0.40285
M_M_matrix_protein_3250:4,0.335,0.2476,0.5127,0.1552,0.196,-0.065,0.379,49.18,0.315,0.374,248,256,-0.017578,0.078125,NA,japan,hRSV-B,0.4125,0.3696,0.39105
SH_SH_small_hydrophobic_p,0.32,0.28,0.5957,0.0588,0.142,-0.026,0.4,33.86,0.267,0.297,60,65,0.62,0.107692,NA,japan,hRSV-B,0.2879,0.2727,0.2803
G_G_attachment_glycoprote,0.2137,0.3911,0.5412,0.0819,0.214,0.05,0.463,45.7,0.378,0.41,307,310,-0.842258,0.029032,NA,japan,hRSV-B,0.3473,0.4952,0.42125
F_F_fusion_protein_5706:7,0.3811,0.2189,0.5023,0.1488,0.175,-0.069,0.377,47.65,0.287,0.346,560,574,-0.028223,0.069686,NA,japan,hRSV-B,0.3635,0.367,0.36525
M2-1_M2-1_transcription_e,0.3677,0.2645,0.4648,0.2149,0.151,-0.078,0.379,45.03,0.353,0.366,190,195,-0.60718,0.051282,NA,japan,hRSV-B,0.3827,0.3418,0.36225
M2-2_M2-2_transcription_e,0.411,0.2192,0.6316,0.0889,0.153,-0.19,0.302,41.33,0.233,0.289,86,90,-0.084444,0.088889,NA,japan,hRSV-B,0.3516,0.2418,0.2967
L_L_rna_directed_rna_poly,0.4598,0.1676,0.5257,0.1436,0.149,-0.152,0.326,42.84,0.232,0.312,2095,2166,-0.174515,0.103878,NA,japan,hRSV-B,0.3646,0.3152,0.3399
NS1_NS1_nonstructural_pro,0.4052,0.1552,0.6105,0.125,0.138,-0.172,0.308,37.87,0.211,0.302,133,139,0.214389,0.057554,NA,kenya,hRSV-B,0.3643,0.3,0.33215
NS2_NS2_nonstructural_pro,0.3093,0.3402,0.5,0.1714,0.178,-0.014,0.419,38.73,0.385,0.349,117,124,-0.304839,0.112903,NA,kenya,hRSV-B,0.312,0.312,0.312
N_N_nucleoprotein_1128:23,0.3562,0.1928,0.5734,0.1541,0.152,-0.168,0.324,45.13,0.265,0.373,377,391,-0.22353,0.074169,NA,kenya,hRSV-B,0.4898,0.3342,0.412
P_P_phosphoprotein_2337:3,0.3533,0.2554,0.5698,0.122,0.193,-0.043,0.41,45.15,0.286,0.372,234,241,-0.824896,0.049793,NA,kenya,hRSV-B,0.4463,0.3636,0.40495
M_M_matrix_protein_3252:4,0.3447,0.2379,0.5178,0.1494,0.192,-0.072,0.375,49.76,0.302,0.371,248,256,-0.017578,0.078125,NA,kenya,hRSV-B,0.4163,0.3696,0.39295
SH_SH_small_hydrophobic_p,0.34,0.26,0.5957,0.0571,0.148,-0.06,0.383,33.28,0.25,0.292,60,65,0.54,0.107692,NA,kenya,hRSV-B,0.2727,0.2879,0.2803
G_G_attachment_glycoprote,0.2063,0.3968,0.5577,0.0714,0.217,0.054,0.465,44,0.373,0.409,314,317,-0.878549,0.0347,NA,kenya,hRSV-B,0.3553,0.4906,0.42295
F_F_fusion_protein_5708:7,0.3747,0.2232,0.5011,0.154,0.179,-0.065,0.38,48.5,0.294,0.348,561,574,-0.021254,0.069686,NA,kenya,hRSV-B,0.3652,0.367,0.3661
M2-1_M2-1_matrix_protein_,0.3484,0.2774,0.4894,0.1983,0.149,-0.086,0.374,47.13,0.353,0.368,190,195,-0.609744,0.051282,NA,kenya,hRSV-B,0.3929,0.3367,0.3648
M2-2_M2-2_matrix_protein_,0.411,0.2192,0.5965,0.1333,0.151,-0.21,0.291,43.66,0.256,0.296,86,90,-0.084444,0.088889,NA,kenya,hRSV-B,0.3516,0.2418,0.2967
L_L_RNA-directed_RNA_poly,0.4589,0.1688,0.526,0.1429,0.151,-0.147,0.328,42.87,0.232,0.312,2094,2166,-0.171468,0.103878,NA,kenya,hRSV-B,0.3646,0.3143,0.33945
NS1_NS1_nonstructural_pro,0.4224,0.1466,0.5895,0.1375,0.134,-0.185,0.301,34.09,0.211,0.3,133,139,0.214389,0.057554,NA,mexico,hRSV-B,0.3571,0.3,0.32855
NS2_NS2_nonstructural_pro,0.2887,0.3608,0.506,0.1739,0.181,0.001,0.427,40.69,0.402,0.355,117,124,-0.278226,0.112903,NA,mexico,hRSV-B,0.312,0.312,0.312
N_N_nucleoprotein_1067:22,0.3366,0.2059,0.5836,0.1504,0.151,-0.159,0.329,44.68,0.273,0.374,377,391,-0.21867,0.076726,NA,mexico,hRSV-B,0.4872,0.3342,0.4107
P_P_phosphoprotein_2275:3,0.337,0.2826,0.5531,0.1288,0.194,-0.044,0.41,46.21,0.312,0.379,234,241,-0.823651,0.049793,NA,mexico,hRSV-B,0.4421,0.3636,0.40285
M_M_matrix_protein_3190:3,0.3398,0.2427,0.5127,0.1552,0.196,-0.065,0.379,49.21,0.31,0.372,248,256,-0.017578,0.078125,NA,mexico,hRSV-B,0.4125,0.3696,0.39105
SH_SH_small_hydrophobic_p,0.3,0.3,0.5957,0.0588,0.149,0.002,0.417,32.05,0.283,0.303,60,65,0.62,0.107692,NA,mexico,hRSV-B,0.2879,0.2727,0.2803
G_G_attachment_glycoprote,0.2258,0.375,0.5551,0.0742,0.207,0.034,0.453,44.58,0.358,0.399,307,310,-0.797419,0.029032,NA,mexico,hRSV-B,0.3473,0.4823,0.4148
F_F_fusion_glycoprotein_5,0.3811,0.2189,0.4954,0.1567,0.174,-0.075,0.373,48.18,0.293,0.348,560,574,-0.037631,0.069686,NA,mexico,hRSV-B,0.3635,0.3687,0.3661
M2_M2_M2-1_protein_7595:8,0.3677,0.2581,0.4789,0.2066,0.146,-0.087,0.374,44.66,0.342,0.362,190,195,-0.60718,0.051282,NA,mexico,hRSV-B,0.3827,0.3418,0.36225
M2_M2_M2-2_protein_8148:8,0.411,0.2192,0.6316,0.0889,0.153,-0.19,0.302,40.7,0.233,0.285,86,90,-0.084444,0.088889,NA,mexico,hRSV-B,0.3407,0.2418,0.29125
L_L_RNA-dependent_RNA_pol,0.4601,0.1683,0.5241,0.1446,0.15,-0.147,0.328,42.79,0.233,0.312,2094,2166,-0.171976,0.103878,NA,mexico,hRSV-B,0.3632,0.3147,0.33895
NS1_NS1_nonstructural_pro,0.4138,0.1466,0.6,0.1375,0.137,-0.185,0.301,37.84,0.211,0.302,133,139,0.214389,0.057554,NA,netherlands,hRSV-B,0.3643,0.3,0.33215
NS2_NS2_nonstructural_pro,0.2887,0.3608,0.5,0.1714,0.17,-0.029,0.41,41.76,0.402,0.355,117,124,-0.304839,0.112903,NA,netherlands,hRSV-B,0.312,0.312,0.312
N_N_nucleoprotein_1110:22,0.3431,0.1993,0.5836,0.1504,0.149,-0.168,0.324,44.56,0.268,0.373,377,391,-0.21867,0.076726,NA,netherlands,hRSV-B,0.4872,0.3342,0.4107
P_P_phosphoprotein_2318:3,0.337,0.2826,0.5587,0.1227,0.195,-0.037,0.415,46.07,0.308,0.378,234,241,-0.823651,0.049793,NA,netherlands,hRSV-B,0.4421,0.3636,0.40285
M_M_matrix_protein_3233:4,0.3447,0.2379,0.5127,0.1552,0.196,-0.072,0.375,48.9,0.306,0.371,248,256,-0.017578,0.078125,NA,netherlands,hRSV-B,0.4125,0.3696,0.39105
SH_SH_small_hydrophobic_p,0.32,0.28,0.5957,0.0588,0.142,-0.026,0.4,33.86,0.267,0.297,60,65,0.62,0.107692,NA,netherlands,hRSV-B,0.2879,0.2727,0.2803
G_G_attachment_glycoprote,0.2097,0.3952,0.549,0.0733,0.214,0.055,0.466,44.81,0.375,0.411,307,310,-0.824516,0.029032,NA,netherlands,hRSV-B,0.3537,0.4952,0.42445
F_F_fusion_glycoprotein_5,0.3789,0.2211,0.5046,0.1462,0.176,-0.069,0.377,46.86,0.287,0.346,560,574,-0.037631,0.069686,NA,netherlands,hRSV-B,0.3635,0.3687,0.3661
M2_M2_M2-1_protein_7639:8,0.3742,0.2581,0.4648,0.2149,0.149,-0.096,0.368,44.88,0.347,0.362,190,195,-0.60718,0.051282,NA,netherlands,hRSV-B,0.3776,0.3418,0.3597
M2_M2_M2-2_protein_8192:8,0.3919,0.2297,0.6207,0.1087,0.155,-0.178,0.31,45.95,0.253,0.296,87,90,-0.113333,0.088889,NA,netherlands,hRSV-B,0.3516,0.2527,0.30215
L_L_RNA-dependent_RNA_pol,0.4612,0.1677,0.5227,0.1452,0.15,-0.151,0.326,42.93,0.233,0.312,2094,2166,-0.172299,0.103878,NA,netherlands,hRSV-B,0.3641,0.3147,0.3394
NS1_NS1_nonstructural_pro,0.4138,0.1466,0.6,0.1375,0.137,-0.185,0.301,37.84,0.211,0.302,133,139,0.214389,0.057554,NA,peru,hRSV-B,0.3643,0.3,0.33215
NS2_NS2_nonstructural_pro,0.299,0.3505,0.5,0.1714,0.178,-0.014,0.419,38.58,0.393,0.352,117,124,-0.304839,0.112903,NA,peru,hRSV-B,0.312,0.312,0.312
N_N_nucleoprotein_1106:22,0.3497,0.1928,0.587,0.1466,0.148,-0.173,0.321,44.35,0.26,0.37,377,391,-0.21867,0.076726,NA,peru,hRSV-B,0.4872,0.3342,0.4107
P_P_phosphoprotein_2314:3,0.3424,0.2772,0.5587,0.1227,0.195,-0.044,0.41,45.91,0.303,0.375,234,241,-0.823651,0.049793,NA,peru,hRSV-B,0.438,0.3636,0.4008
M_M_matrix_protein_3229:3,0.3495,0.2379,0.5025,0.1609,0.197,-0.058,0.383,48.95,0.31,0.371,248,256,-0.017578,0.078125,NA,peru,hRSV-B,0.4086,0.3696,0.3891
SH_SH_small_hydrophobic_p,0.3265,0.2857,0.5957,0.0588,0.154,0.002,0.417,37.8,0.267,0.292,60,65,0.572308,0.107692,NA,peru,hRSV-B,0.2879,0.2576,0.27275
G_G_attachment_glycoprote,0.228,0.38,0.5455,0.0736,0.218,0.049,0.463,45.07,0.365,0.408,307,310,-0.815807,0.025806,NA,peru,hRSV-B,0.3569,0.492,0.42445
F_F_fusion_glycoprotein_5,0.3832,0.2189,0.5023,0.1496,0.173,-0.077,0.371,47.88,0.287,0.345,560,574,-0.048432,0.069686,NA,peru,hRSV-B,0.3635,0.3652,0.36435
M2_M2_M2-1_protein_7635:8,0.3613,0.2645,0.4789,0.2066,0.148,-0.078,0.379,44.79,0.347,0.364,190,195,-0.60718,0.051282,NA,peru,hRSV-B,0.3827,0.3418,0.36225
M2_M2_M2-2_protein_8188:8,0.4054,0.2162,0.6207,0.1087,0.151,-0.198,0.299,44.21,0.241,0.285,87,90,-0.11,0.1,NA,peru,hRSV-B,0.3407,0.2418,0.29125
L_L_RNA-dependent_RNA_pol,0.4584,0.1694,0.527,0.1413,0.15,-0.148,0.328,42.9,0.232,0.312,2094,2166,-0.170868,0.103878,NA,peru,hRSV-B,0.3641,0.3152,0.33965
NS1_NS1_nonstructural_pro,0.4138,0.1466,0.6,0.1392,0.132,-0.186,0.301,37.87,0.211,0.3,133,139,0.216547,0.057554,NA,russia,hRSV-B,0.3571,0.3,0.32855
NS2_NS2_nonstructural_pro,0.299,0.3505,0.5,0.1714,0.178,-0.014,0.419,38.58,0.393,0.352,117,124,-0.304839,0.112903,NA,russia,hRSV-B,0.312,0.312,0.312
N_N_nonstructural_protein,0.3475,0.1967,0.5856,0.1472,0.149,-0.163,0.327,44.53,0.263,0.373,376,391,-0.224552,0.076726,NA,russia,hRSV-B,0.4898,0.3342,0.412
P_P_phosphoprotein_2248:2,0.3424,0.2772,0.5587,0.1227,0.19,-0.05,0.406,46.39,0.303,0.378,234,241,-0.826971,0.049793,NA,russia,hRSV-B,0.4463,0.3636,0.40495
M_M_matrix_protein_3163:3,0.3301,0.2524,0.5076,0.1609,0.196,-0.065,0.379,49.42,0.323,0.376,248,256,-0.017578,0.078125,NA,russia,hRSV-B,0.4125,0.3696,0.39105
SH_SH_small_hydrophobic_p,0.32,0.28,0.5957,0.0588,0.142,-0.026,0.4,33.86,0.267,0.297,60,65,0.62,0.107692,NA,russia,hRSV-B,0.2879,0.2727,0.2803
G_G_attachment_glycoprote,0.2213,0.3794,0.5517,0.0756,0.206,0.021,0.446,50.61,0.363,0.408,314,317,-0.810095,0.031546,NA,russia,hRSV-B,0.3616,0.4906,0.4261
F_F_fusion_protein_5618:7,0.3811,0.2168,0.5023,0.151,0.175,-0.071,0.375,47.97,0.287,0.347,560,574,-0.03885,0.069686,NA,russia,hRSV-B,0.3652,0.3687,0.36695
M2-1_M2-1_M2-1_protein_75,0.3677,0.2581,0.4718,0.2149,0.145,-0.096,0.368,44.82,0.347,0.364,190,195,-0.60718,0.051282,NA,russia,hRSV-B,0.3827,0.3418,0.36225
M2-2_M2-2_M2-2_protein_81,0.4054,0.2162,0.6207,0.1087,0.152,-0.198,0.299,44.66,0.241,0.293,87,90,-0.113333,0.088889,NA,russia,hRSV-B,0.3516,0.2527,0.30215
L_L_RNA-dependent_RNA_pol,0.4609,0.167,0.5234,0.1452,0.15,-0.152,0.325,42.92,0.232,0.312,2094,2166,-0.170314,0.103878,NA,russia,hRSV-B,0.3641,0.3152,0.33965
NS1_NS1_nonstructural_pro,0.4138,0.1466,0.6,0.1375,0.137,-0.185,0.301,37.84,0.211,0.302,133,139,0.214389,0.057554,NA,south-africa,hRSV-B,0.3643,0.3,0.33215
NS2_NS2_nonstructural_pro,0.299,0.3505,0.5,0.1714,0.178,-0.014,0.419,38.58,0.393,0.352,117,124,-0.304839,0.112903,NA,south-africa,hRSV-B,0.312,0.312,0.312
N_N_nucleocapsid_protein_,0.3399,0.2026,0.5768,0.1579,0.149,-0.173,0.321,44.74,0.276,0.375,377,391,-0.21867,0.076726,NA,south-africa,hRSV-B,0.4872,0.3342,0.4107
P_P_phosphoprotein_2340:3,0.3424,0.2772,0.5587,0.1227,0.193,-0.044,0.41,46.14,0.303,0.376,234,241,-0.823651,0.049793,NA,south-africa,hRSV-B,0.4421,0.3636,0.40285
M_M_matrix_protein_3255:4,0.3301,0.2524,0.5076,0.1609,0.2,-0.058,0.383,49.58,0.323,0.376,248,256,-0.017578,0.078125,NA,south-africa,hRSV-B,0.4125,0.3696,0.39105
SH_SH_small_hydrophobic_p,0.32,0.28,0.5957,0.0588,0.142,-0.026,0.4,33.86,0.267,0.297,60,65,0.62,0.107692,NA,south-africa,hRSV-B,0.2879,0.2727,0.2803
G_G_attachment_glycoprote,0.2328,0.3707,0.5612,0.0654,0.212,0.034,0.453,45.81,0.348,0.393,287,290,-0.776207,0.031034,NA,south-africa,hRSV-B,0.3402,0.4811,0.41065
F_F_fusion_protein_5651:7,0.3832,0.2189,0.5,0.1488,0.174,-0.075,0.373,48.46,0.287,0.347,560,574,-0.037631,0.069686,NA,south-africa,hRSV-B,0.3652,0.3687,0.36695
M2-1_M2-1_M2-1_protein_76,0.3677,0.2581,0.4718,0.2131,0.143,-0.104,0.363,45.51,0.347,0.366,190,195,-0.608718,0.051282,NA,south-africa,hRSV-B,0.3878,0.3418,0.3648
M2-2_M2-2_M2-2_protein_81,0.411,0.2192,0.6316,0.0889,0.153,-0.19,0.302,41.33,0.233,0.289,86,90,-0.084444,0.088889,NA,south-africa,hRSV-B,0.3516,0.2418,0.2967
L_L_large_polymerase_8493,0.4603,0.1672,0.5247,0.1452,0.15,-0.156,0.323,42.77,0.232,0.312,2094,2166,-0.171099,0.103878,NA,south-africa,hRSV-B,0.365,0.3138,0.3394
NS1_NS1_nonstructural_pro,0.4138,0.1466,0.5789,0.1625,0.134,-0.21,0.286,38.49,0.226,0.307,133,139,0.214389,0.057554,NA,south-korea,hRSV-B,0.3643,0.3,0.33215
NS2_NS2_nonstructural_pro,0.3093,0.3402,0.5,0.1714,0.175,-0.029,0.41,38.58,0.385,0.349,117,124,-0.304839,0.112903,NA,south-korea,hRSV-B,0.312,0.312,0.312
N_N_nucleoprotein_1138:23,0.3464,0.1961,0.5904,0.1429,0.15,-0.159,0.329,44.14,0.26,0.37,377,391,-0.21867,0.076726,NA,south-korea,hRSV-B,0.4872,0.3342,0.4107
P_P_phosphoprotein_2346:3,0.3478,0.2717,0.5587,0.1227,0.195,-0.044,0.41,46.23,0.299,0.373,234,241,-0.823651,0.049793,NA,south-korea,hRSV-B,0.438,0.3636,0.4008
M_M_matrix_protein_3261:4,0.3447,0.2427,0.5025,0.1609,0.195,-0.065,0.379,49.41,0.315,0.374,248,256,-0.017578,0.078125,NA,south-korea,hRSV-B,0.4125,0.3696,0.39105
SH_SH_small_hydrophobic_p,0.32,0.28,0.5957,0.0588,0.142,-0.026,0.4,33.86,0.267,0.297,60,65,0.62,0.107692,NA,south-korea,hRSV-B,0.2879,0.2727,0.2803
G_G_attachment_glycoprote,0.232,0.372,0.5455,0.0736,0.215,0.04,0.458,48.21,0.359,0.408,306,309,-0.797087,0.02589,NA,south-korea,hRSV-B,0.3569,0.4952,0.42605
F_F_fusion_glycoprotein_5,0.384,0.2194,0.5,0.1526,0.174,-0.072,0.375,48.61,0.289,0.344,560,574,-0.043554,0.071429,NA,south-korea,hRSV-B,0.3617,0.3635,0.3626
M2_M2_M2-1_protein_7674:8,0.3548,0.2645,0.4789,0.2149,0.143,-0.096,0.368,44.14,0.353,0.366,190,195,-0.60718,0.051282,NA,south-korea,hRSV-B,0.3827,0.3418,0.36225
M2_M2_M2-2_protein_8227:8,0.411,0.2192,0.6316,0.0889,0.152,-0.19,0.302,40.88,0.233,0.281,86,90,-0.081111,0.1,NA,south-korea,hRSV-B,0.3407,0.2308,0.28575
L_L_RNA-dependent_RNA_pol,0.4595,0.1683,0.5277,0.1408,0.149,-0.151,0.326,42.86,0.23,0.312,2093,2166,-0.175393,0.103878,NA,south-korea,hRSV-B,0.3632,0.3156,0.3394
NS1_NS1_nonstructural_pro,0.4224,0.1293,0.6,0.15,0.135,-0.185,0.301,37.62,0.203,0.3,133,139,0.214389,0.057554,NA,thailand,hRSV-B,0.3643,0.3,0.33215
NS2_NS2_nonstructural_pro,0.299,0.3505,0.5119,0.1571,0.181,-0.014,0.419,38.68,0.385,0.352,117,124,-0.304839,0.112903,NA,thailand,hRSV-B,0.32,0.312,0.316
N_N_nucleocapsid_protein_,0.3497,0.1895,0.5904,0.1466,0.153,-0.159,0.329,44.15,0.257,0.369,377,391,-0.21867,0.076726,NA,thailand,hRSV-B,0.4872,0.3342,0.4107
P_P_phosphoprotein_2258:2,0.3207,0.2989,0.5642,0.1166,0.199,-0.021,0.423,46.25,0.316,0.38,234,241,-0.813278,0.049793,NA,thailand,hRSV-B,0.4421,0.3636,0.40285
M_M_matrix_protein_3173:3,0.3301,0.2524,0.5025,0.1667,0.19,-0.079,0.371,49.08,0.327,0.379,248,256,-0.017578,0.078125,NA,thailand,hRSV-B,0.4163,0.3696,0.39295
SH_SH_small_hydrophobic_p,0.32,0.28,0.5745,0.0882,0.141,0.002,0.417,33.86,0.283,0.303,60,65,0.62,0.107692,NA,thailand,hRSV-B,0.2879,0.2727,0.2803
G_G_attachment_glycoprote,0.2218,0.379,0.549,0.0776,0.21,0.03,0.453,44.65,0.365,0.403,307,310,-0.771613,0.029032,NA,thailand,hRSV-B,0.3505,0.4855,0.418
F_F_fusion_protein_5628:7,0.3832,0.2168,0.5035,0.1526,0.174,-0.078,0.371,47.6,0.287,0.345,560,574,-0.040766,0.071429,NA,thailand,hRSV-B,0.3652,0.3635,0.36435
M2-1_M2-1_M2-1_protein_75,0.3484,0.2774,0.4789,0.2066,0.144,-0.084,0.374,44.79,0.358,0.369,190,195,-0.611282,0.051282,NA,thailand,hRSV-B,0.3878,0.3418,0.3648
M2-2_M2-2_M2-2_protein_81,0.4189,0.2027,0.6207,0.1087,0.152,-0.198,0.299,44.95,0.23,0.285,87,90,-0.11,0.1,NA,thailand,hRSV-B,0.3516,0.2418,0.2967
L_L_RNA-directed_RNA_poly,0.4586,0.1701,0.5253,0.1421,0.152,-0.146,0.329,42.84,0.233,0.312,2094,2166,-0.168421,0.103878,NA,thailand,hRSV-B,0.3641,0.3147,0.3394
NS1_NS1_nonstructural_pro,0.4138,0.1466,0.6,0.1375,0.137,-0.185,0.301,37.84,0.211,0.302,133,139,0.214389,0.057554,NA,usa,hRSV-B,0.3643,0.3,0.33215
NS2_NS2_nonstructural_pro,0.299,0.3505,0.5,0.1714,0.184,-0.002,0.427,37.06,0.393,0.349,117,124,-0.298387,0.112903,NA,usa,hRSV-B,0.304,0.312,0.308
N_N_nucleoprotein_1137:23,0.3475,0.1967,0.5876,0.1472,0.15,-0.172,0.322,44.19,0.263,0.371,376,391,-0.232481,0.076726,NA,usa,hRSV-B,0.4872,0.3316,0.4094
P_P_phosphoprotein_2345:3,0.3478,0.2717,0.5587,0.1227,0.194,-0.052,0.406,45.79,0.299,0.373,234,241,-0.823651,0.049793,NA,usa,hRSV-B,0.438,0.3636,0.4008
M_M_matrix_protein_3263:4,0.3447,0.2427,0.5025,0.1609,0.195,-0.065,0.379,49.41,0.315,0.374,248,256,-0.017578,0.078125,NA,usa,hRSV-B,0.4125,0.3696,0.39105
SH_SH_small_hydrophobic_p,0.34,0.26,0.5957,0.0588,0.146,-0.026,0.4,33.86,0.25,0.292,60,65,0.62,0.107692,NA,usa,hRSV-B,0.2879,0.2727,0.2803
G_G_attachment_glycoprote,0.2222,0.3889,0.5462,0.0756,0.225,0.057,0.468,46.36,0.369,0.408,314,317,-0.820505,0.028391,NA,usa,hRSV-B,0.3616,0.4843,0.42295
F_F_fusion_glycoprotein_5,0.3853,0.2168,0.5023,0.1496,0.173,-0.077,0.371,48.01,0.286,0.345,560,574,-0.048432,0.069686,NA,usa,hRSV-B,0.3652,0.3652,0.3652
M2_M2_M2-1_protein_7669:8,0.3677,0.2581,0.4718,0.2149,0.146,-0.078,0.379,46.26,0.347,0.364,190,195,-0.60718,0.051282,NA,usa,hRSV-B,0.3827,0.3418,0.36225
M2_M2_M2-2_protein_8222:8,0.4054,0.2027,0.6379,0.1087,0.142,-0.218,0.287,43.8,0.23,0.281,87,90,-0.11,0.1,NA,usa,hRSV-B,0.3407,0.2418,0.29125
L_L_RNA-dependent_RNA_pol,0.4589,0.1688,0.5287,0.1399,0.15,-0.15,0.327,42.83,0.23,0.312,2094,2166,-0.172161,0.103878,NA,usa,hRSV-B,0.3646,0.3147,0.33965
