Country,Gene,UUU,UUC,UUA,UUG,UCU,UCC,UCA,UCG,UAU,UAC,UGU,UGC,CUU,CUC,CUA,CUG,CCU,CCC,CCA,CCG,CAU,CAC,CAA,CAG,CGU,CGC,CGA,CGG,AUU,AUC,AUA,ACU,ACC,ACA,ACG,AAU,AAC,AAA,AAG,AGU,AGC,AGA,AGG,GUU,GUC,GUA,GUG,GCU,GCC,GCA,GCG,GAU,GAC,GAA,GAG,GGU,GGC,GGA,GGG
argentina,NS1,1.2,1.091,2,0.5,0.8,1.091,0,1.5,2.471,1.091,1.765,0,0.353,1,1.333,0,0.353,1,0.667,0,0.706,2,1.2,0,0.353,0,0.8,0,1.091,1.091,1.867,0.273,0.364,0.133,0.545,1.636,2.545,2,6,1,0,0,0,1.333,2,1,0.667,0,0,1,2,1.333,2,1.6,1.333,1.333,0,0.4,0
argentina,NS2,1.333,2,1.25,0,0.667,0,0.75,2,1.091,2,1.091,0,1.091,0.571,1,0,0.545,1.143,1,0,1.091,2.286,1,0,1.091,0,1,0,0.429,1.176,1.333,0.643,0.471,0.667,2,1.929,2.353,1.455,4.8,1,0,0.545,1.2,0,0,1.143,0,1.333,4,0.857,2,0,0,1.667,1,2.667,0,0.333,1
argentina,N,1.333,1.826,1.059,2,0.667,0.522,0.941,0,2.78,1.043,1.024,0,0.732,1.778,1.273,0.8,0.439,0.444,0.727,0,1.024,1.778,1.571,0,0,0,0.429,0.8,1.038,0.889,1.273,0.462,0.889,0.727,1.565,1.5,2.222,1.733,3.6,1,0,0.267,0.8,0.923,1.5,1.5,1.032,0.462,0.375,0.5,0.774,1.077,2,1.538,1.419,1.538,0.125,0.462,0.774
argentina,P,0.75,1.043,1.5,0,1.25,0,0.5,0,2,2.609,0.333,0,0.667,2,1,0,0.667,1,1,0,1.667,1,1,0,0.667,0,1,0.545,0.353,0.444,1.143,0.353,1.111,0.857,0.522,2.294,2.222,1.368,4.364,1,0.222,0.632,1.091,0.444,1.091,1.636,1,0.444,0.727,0.364,0.5,2.667,2.182,1.793,1.5,0.444,0,0.207,1
argentina,M,0.857,0.316,0.6,1.2,1.143,1.263,1.4,0.8,0.96,2.211,0.48,0,0.96,0.667,0.667,0,0.72,2,1.333,0,2.16,1.333,2,1,0.72,0,0,0,0.391,0.593,1.5,0.783,0.444,0.5,1.263,1.826,2.963,1.565,5,1,0,0.435,0,0.444,1.176,1.5,0,1.556,0.706,0.5,0.8,0.667,2.118,1.846,3.2,1.333,0,0.154,0
argentina,SH,0.8,1.2,1,0,1.2,2.4,1,2,0,1.2,1.2,0,1.2,2,1,0,0,0,1,0,3.6,2,0,3,0,0,0,0,0.231,0,1.2,0.923,1.143,0.8,1.2,1.846,2.857,2,3,1,0,0,0,0,2,0,0,2,0,0,0,2,2,1.5,0,0,0,0.5,0
argentina,G,0.857,0.649,1,0,1.143,1.622,1,2,1.043,2.108,0.261,0.324,0.783,0.8,0.571,0,1.826,0.96,1.429,2.4,1.565,2.24,1.667,0,0.522,0,0.333,0,0.25,0.387,0.857,1.25,1.871,1.143,0.973,1.5,1.613,1.25,2.4,1,0.129,0.75,1.2,0,0.615,1.6,0.5,2,1.231,0.4,1,1.5,2.154,1.091,2.5,0.5,0,0.909,0
argentina,F,1.176,0.9,1.684,1.125,0.824,0.8,0.316,0.875,2.542,1.2,0.61,0,0.305,1.25,0.667,0.706,0.712,0.5,1.333,0,1.424,2.25,1.5,0.353,0.407,0,0.5,0.353,0.796,0.98,1.25,0.796,0.816,0.75,1.1,1.408,2.204,1.227,4.235,1,0,0.773,0.353,0.978,1.241,1.4,1.44,0.622,0.828,0.6,0.64,1.6,1.931,1.44,1.28,0.8,0,0.56,0.64
argentina,M2-1,1.5,0.353,1.6,1,0.5,0,0.4,1,0.667,2.471,2,0,1,0.571,1.714,0,1,1.143,0.286,0,0.667,2.286,2,1.091,0.667,0,0,0,0.6,1.667,1.158,0.8,1.333,0.842,1.765,1.6,0.667,1.556,2.727,1,0.333,0.444,2.182,1.2,0.889,1.273,2.286,0.4,1.333,0.727,0,1.6,1.778,1.333,1.714,0.8,0,0.667,0
argentina,M2-2,1,1.2,1.333,2,1,1.2,0.667,0,0.857,1.2,0.857,0,0,1.333,2,0,0,0,0,0,4.286,2,2,0,0,0.667,0,0,0.462,1.714,1.273,0.462,0.571,0.727,0,2.077,1.714,2,6,1,0,0,0,0,0,1.333,4,2,0,0.667,0,0,4,2,0,2,0,0,0
argentina,L,1.022,1.404,1.5,1.487,0.978,0.351,0.5,0.513,2.449,1.123,1.124,0.14,0.989,1.941,1.538,0.45,0.36,0.765,0.462,0.15,0.764,1.059,1.767,0.3,0.315,0.235,0.233,0.15,0.916,1.481,1.345,0.325,0.474,0.655,0.772,1.759,1.956,1.468,4.2,1,0.089,0.532,0.75,1.569,1.739,1.743,1.61,0.471,0.464,0.257,0.439,1.412,1.739,1.406,1.561,0.549,0.058,0.594,0.39
australia,NS1,1.2,1.091,2,0.5,0.8,1.091,0,1.5,2.667,1.091,1.667,0,0.333,2,1.333,0,0.333,0,0.667,0,0.667,2,1.6,0,0.333,0,0.4,0,1.364,0.8,1.867,0.273,0.4,0.133,0.545,1.364,2.8,2,6,1,0,0,0,1.333,2,1,0.667,0,0,1,2,1.778,2,1.6,1.333,0.889,0,0.4,0
australia,NS2,1.333,2,1.25,0,0.667,0,0.75,2,1.091,2,1.091,0,1.091,1.143,1,0,0.545,0.571,1,0,1.091,2.286,1,0,1.091,0,1,0,0.4,1,1.333,0.6,0.75,0.667,2,2,2.25,1.455,6,1,0,0.545,0,0,0,1.429,0,1.333,4,0.571,2,0,0,1.667,1,2.667,0,0.333,1
australia,N,1.333,1.826,1.294,2,0.667,0.522,0.706,0,2.927,1.043,1.024,0,0.732,1.778,1.273,0.8,0.439,0.444,0.727,0,0.878,1.778,1.571,0,0,0,0.429,0.8,1.038,0.889,1.182,0.462,0.889,0.818,1.565,1.5,2.222,1.667,3.6,1,0,0.333,0.8,0.923,1.5,1.5,1.161,0.462,0.375,0.5,0.645,1.077,2,1.538,1.548,1.538,0.125,0.462,0.645
australia,P,0.75,1.043,1.5,0,1.25,0,0.5,0,1.667,2.609,0.333,0,0.667,1.667,1,0,0.667,1.333,1,0,2,1,1,0,0.667,0,1,0.545,0.353,0.444,1.143,0.353,1.111,0.857,0.522,2.294,2.222,1.368,4.364,1,0.222,0.632,1.091,0.5,1.333,1.636,1,0.5,0.667,0.364,0.5,2.5,2,1.793,1.5,0.5,0,0.207,1
australia,M,0.857,0.316,0.6,1.2,1.143,1.263,1.4,0.8,1.2,2.211,0.24,0,0.96,0.667,0.667,0,0.72,2,1.333,0,2.16,1.333,2,1,0.72,0,0,0,0.391,0.593,1.375,0.783,0.444,0.625,0.947,1.826,2.963,1.565,5,1,0,0.435,0,0.222,1.176,1.5,0,1.778,0.706,0.5,0.8,0.444,2.118,1.846,3.2,1.556,0,0.154,0
australia,SH,0.8,1,1,0,1.2,2,1,2,0,1,1.2,0,0,2,1,0,1.2,0,1,0,3.6,2,0,3,0,0,0,0,0,0,1.2,1,1.143,0.8,1,2,2.857,2,3,1,0,0,0,0,2,0,0,2,0,0,0,2,2,1.5,0,0,0,0.5,0
australia,G,0.667,0.545,0.5,0,1.333,2,1.5,2,1.2,1.818,0.3,0.364,1.2,0.516,0.8,0,1.5,1.032,1.2,2,1.2,2.452,1.684,0,0.6,0,0.316,0,0.25,0.254,0.857,1.375,1.968,1.143,0.909,1.375,1.714,1.2,3,1,0.063,0.8,1,0,0.286,1.2,0.5,2.667,1.429,0.8,1,0.667,2.286,1.091,2.5,0.667,0,0.909,0
australia,F,1.176,0.8,1.684,1.125,0.824,0.9,0.316,0.875,2.542,1.1,0.61,0.1,0.305,1.25,0.667,0.706,0.712,0.5,1.333,0,1.525,2.25,1.5,0.353,0.305,0,0.5,0.353,0.796,1,1.25,0.857,0.75,0.75,1.1,1.347,2.25,1.273,4.235,1,0,0.727,0.353,0.957,1.379,1.4,1.44,0.609,0.69,0.6,0.64,1.739,1.931,1.44,1.28,0.696,0,0.56,0.64
australia,M2-1,1.5,0.353,1.6,1,0.5,0,0.4,1,0.667,2.471,2,0,1,0.571,1.714,0,1,1.143,0.286,0,0.667,2.286,2,1.091,0.667,0,0,0,0.4,2.154,1.1,1,0.923,0.9,1.765,1.6,0.615,1.556,2.727,1,0.308,0.444,2.182,1.2,0.5,1.091,2,0.4,1.5,0.909,0,1.6,2,1.333,2,0.8,0,0.667,0
australia,M2-2,1,1.2,1.333,2,1,1.2,0.667,0,0.857,1.2,0.857,0,0,1.333,2,0,0,0,0,0,4.286,2,2,0,0,0.667,0,0,0.462,1.5,1.273,0.462,0.5,0.727,0,2.077,2,2,6,1,0,0,0,0,0,1.333,4,2,0,0.667,0,0,0,2,0,2,0,0,0
australia,L,1.022,1.474,1.533,1.538,0.978,0.316,0.467,0.462,2.449,1.053,1.101,0.175,1.011,1.941,1.545,0.519,0.337,0.765,0.455,0.074,0.764,1,1.767,0.296,0.337,0.294,0.233,0.148,0.941,1.481,1.337,0.309,0.474,0.663,0.702,1.75,1.956,1.465,4.444,1,0.089,0.535,0.519,1.569,1.739,1.743,1.639,0.471,0.464,0.257,0.482,1.333,1.739,1.406,1.494,0.627,0.058,0.594,0.386
brazil,NS1,1.2,1.091,2,0.5,0.8,1.091,0,1.5,3.176,1.091,1.412,0,0.353,1,1.5,0,0.353,1,0.5,0,0.706,2,1.5,0,0,0,0.5,0,1,0.8,1.733,0.5,0.8,0.267,1.091,1.5,2.4,1.778,6,1,0,0.222,0,0.889,2,1.25,0.667,0,0,0.75,2,1.333,1,2,1.333,1.778,1,0,0
brazil,NS2,1.6,0,1,1,0.4,0,1,1,1.5,4,1,0,1,1.143,0.667,0,0.5,0.571,1.333,0,1,2.286,1,0,1,0,1,0,0.429,1.412,1.333,0.643,0.235,0.667,2,1.929,2.353,1.4,6,1,0,0.6,0,0,0,1.333,0.8,1.333,4,0.667,1.6,0,0,1.667,0.8,2.667,0,0.333,0.8
brazil,N,1.333,1.565,1.294,2,0.667,1.043,0.706,0,2.4,0.783,1.05,0,0.6,1.333,1.273,0.75,0.6,0.444,0.727,0,1.2,2.222,1.571,0,0.15,0,0.429,0.75,0.923,0.889,1.273,0.577,0.889,0.727,1.043,1.5,2.222,1.724,3.375,1,0,0.276,1.125,1.037,1.625,1.5,1.032,0.296,0.375,0.5,0.774,1.333,1.875,1.692,1.677,1.333,0.125,0.308,0.516
brazil,P,0.75,1.043,1,0,1.25,0,1,0,1.667,2.609,0.667,0,0.667,2.333,1,0,0.667,1,1,0,2,0.667,1,0,0.333,0,1,0.545,0.375,0.6,1.238,0.375,1,0.762,0.522,2.25,2.2,1.474,3.818,1,0.2,0.526,1.636,0.571,1,1.273,1,0.571,0.667,0.727,0.5,1.714,2.333,1.793,1.5,1.143,0,0.207,1
brazil,M,0.571,0.316,0.6,1.2,1.429,1.263,1.4,0.8,1.68,1.895,0.24,0.316,1.2,1,0.667,0,0.48,1.667,1.333,0,1.68,1.333,2,1,0.72,0,0,0,0.136,0.593,1.25,1.091,0.444,0.75,0.632,1.773,2.963,1.652,5,1,0,0.348,0,0.667,1.412,1.333,0,1.333,0.471,0.667,0.8,0.667,2.118,2,3.2,1.333,0,0,0
brazil,SH,0.4,1.2,1,2,1.6,2.4,1,0,1,1.2,0,0,0,2,2,0,1,0,0,0,4,2,0,3,0,0,0,0,0.25,0,1.2,1.25,0.571,0.8,1.2,1.5,3.429,2,3,1,0,0,0,0,2,0,0,2,0,0,0,2,2,1.5,0,0,0,0.5,0
brazil,G,0.75,0.828,0.5,0,1.25,1.241,1.5,2,1.043,1.655,0,0.207,0.783,0.667,1,0,1.304,1.167,1,2.4,1.826,2.167,1.556,0,1.043,0,0.444,0,0.214,0.5,0.842,1.286,1.643,1.158,1.448,1.5,1.857,1.2,2.4,1,0,0.8,1.2,0,0.667,1.111,0,2,1.333,0.889,1,1.333,2,1.4,3,0.667,0,0.6,0
brazil,F,1.222,1.017,1.789,1,0.778,0.915,0.211,1,2.644,1.017,0.712,0.102,0.305,1.5,0.667,0.706,0.712,0.25,1.333,0,1.322,2.25,1.5,0.706,0.305,0,0.5,0,0.938,1.13,1.216,0.688,0.522,0.784,1.322,1.375,2.348,1.227,3.529,1,0,0.773,1.059,0.936,1.286,1.238,1.44,0.681,0.571,0.762,0.48,1.702,2.143,1.75,1.6,0.681,0,0.25,0.48
brazil,M2-1,2,0.375,1.6,1,0,0,0.4,1,1,2.625,1.667,0,0.667,1.143,1.714,0,1.333,0,0.286,0,0.667,2.857,2,1.091,0.667,0,0,0,0.375,2.462,1.3,0.938,0.923,0.7,1.5,1.688,0.615,1.444,3.273,1,0,0.556,1.636,1.333,0.5,1,2,0.444,1.5,1,0,1.333,2,1.333,2,0.889,0,0.667,0
brazil,M2-2,0.667,0.857,1.667,2,1.333,0.857,0.333,0,0.857,1.714,0.857,0,0,1.6,2,0,0,0,0,0,3.429,2.4,2,0,0.857,0,0,0,0.75,1.143,1.455,0.25,0.571,0.545,0,2,2.286,1.333,6,1,0,0.667,0,2,0,1.2,4,0,0,0.8,0,0,4,2,0,2,0,0,0
brazil,L,1.011,1.407,1.523,1.5,0.989,0.333,0.477,0.5,2.539,1.222,1.056,0.111,0.944,2.087,1.569,0.519,0.382,0.754,0.431,0.222,0.764,1.043,1.729,0.148,0.315,0.116,0.271,0.222,0.956,1.393,1.326,0.338,0.533,0.674,0.778,1.706,1.985,1.549,4.37,1,0.089,0.451,0.519,1.743,1.915,1.67,1.827,0.317,0.451,0.33,0.444,1.386,1.577,1.451,1.185,0.554,0.056,0.549,0.543
canada,NS1,1.2,1.091,2,0.5,0.8,1.091,0,1.5,2.471,1.091,1.765,0,0.353,2,1.333,0,0.353,0,0.667,0,0.706,2,1.6,0,0.353,0,0.4,0,1.25,0.8,1.867,0.25,0.4,0.133,0.545,1.5,2.8,2,6,1,0,0,0,1.333,2,1,0.667,0,0,1,2,1.778,2,2,1.333,0.889,0,0,0
canada,NS2,1.333,2,1.25,0,0.667,0,0.75,2,1.091,2,1.091,0,1.091,0.571,1,0,0.545,1.143,1,0,1.091,2.286,1,0,1.091,0,1,0,0.429,1.176,1.333,0.643,0.471,0.667,2,1.929,2.353,1.455,6,1,0,0.545,0,0,0,1.143,0,1.333,4,0.857,2,0,0,1.667,1,2.667,0,0.333,1
canada,N,1.333,1.826,1.176,2,0.667,0.522,0.824,0,2.78,1.043,1.024,0,0.732,1.778,1.273,0.8,0.439,0.444,0.727,0,1.024,1.778,1.571,0,0,0,0.429,0.8,1.038,0.889,1.273,0.462,0.889,0.727,1.565,1.5,2.222,1.733,3.6,1,0,0.267,0.8,0.923,1.5,1.5,1.161,0.462,0.375,0.5,0.645,1.077,2,1.538,1.419,1.538,0.125,0.462,0.774
canada,P,0.75,1.043,1.5,0,1.25,0,0.5,0,1.333,2.609,0.667,0,0.667,1.667,1,0,0.667,1.333,1,0,2,1,1,0,0.667,0,1,0.545,0.353,0.444,1.143,0.353,1.111,0.857,0.522,2.294,2.222,1.368,4.364,1,0.222,0.632,1.091,0.5,1,1.545,1,0.5,0.667,0.455,0.5,2.5,2.333,1.793,1.5,0.5,0,0.207,1
canada,M,0.857,0.316,0.6,1.2,1.143,1.263,1.4,0.8,1.2,2.211,0.24,0,0.96,0.667,0.667,0,0.72,2,1.333,0,2.16,1.333,2,1,0.72,0,0,0,0.391,0.593,1.5,0.783,0.444,0.5,1.263,1.826,2.963,1.565,5,1,0,0.435,0,0.444,1.176,1.333,0,1.556,0.706,0.667,0.8,0.667,2.118,1.846,3.2,1.333,0,0.154,0
canada,SH,0.8,1.2,1,0,1.2,2.4,1,2,0,1.2,1.2,0,0,2,1,0,1.2,0,1,0,3.6,2,0,3,0,0,0,0,0.231,0,1.2,0.923,1.143,0.8,1.2,1.846,2.857,2,3,1,0,0,0,0,2,0,0,2,0,0,0,2,2,1.5,0,0,0,0.5,0
canada,G,0.857,0.649,1,0,1.143,1.784,1,2,1.043,2.108,0.261,0.324,0.783,0.667,0.571,0,1.826,1,1.429,2.4,1.565,2.333,1.667,0,0.522,0,0.333,0,0.261,0.381,0.857,1.304,1.841,1.143,0.811,1.435,1.651,1.212,2.4,1,0.127,0.788,1.2,0,0.308,1.6,0.444,2,1.538,0.4,1.333,1.5,2.154,1,2.222,0.5,0,1,0
canada,F,1.176,0.885,1.684,1.125,0.824,0.787,0.316,0.875,2.542,1.18,0.61,0,0.407,1.25,0.667,0.706,0.61,0.5,1.333,0,1.424,2.25,1.5,0.353,0.407,0,0.5,0.353,0.812,0.98,1.234,0.812,0.816,0.766,1.082,1.375,2.204,1.273,4.235,1,0,0.727,0.353,0.957,1.379,1.4,1.6,0.609,0.69,0.6,0.48,1.739,1.931,1.44,1.28,0.696,0,0.56,0.64
canada,M2-1,1.5,0.353,1.6,1,0.5,0,0.4,1,0.667,2.471,2,0,1,0.571,1.714,0,1,1.143,0.286,0,0.667,2.286,2,1.091,0.667,0,0,0,0.4,2.154,1.1,1,0.923,0.9,1.765,1.6,0.615,1.556,2.727,1,0.308,0.444,2.182,1.2,0.5,1.091,2,0.4,1.5,0.909,0,1.6,2,1.333,2,0.8,0,0.667,0
canada,M2-2,1,1.2,1.333,2,1,1.2,0.667,0,0.857,1.2,0.857,0,0,1.333,2,0,0,0,0,0,4.286,2,2,0,0,0.667,0,0,0.462,1.714,1.273,0.462,0.571,0.727,0,2.077,1.714,2,6,1,0,0,0,0,0,1.333,4,2,0,0.667,0,0,4,2,0,2,0,0,0
canada,L,1,1.439,1.5,1.436,1,0.316,0.5,0.564,2.449,1.123,1.101,0.14,0.989,1.941,1.538,0.525,0.36,0.765,0.462,0.075,0.787,1.059,1.767,0.3,0.315,0.235,0.233,0.15,0.916,1.493,1.329,0.325,0.448,0.671,0.702,1.759,1.91,1.465,4.35,1,0.149,0.535,0.6,1.569,1.714,1.745,1.61,0.471,0.514,0.255,0.488,1.333,1.714,1.412,1.463,0.627,0.057,0.588,0.439
china,NS1,1.2,1.091,2,0.5,0.8,1.091,0,1.5,2.471,1.091,1.765,0,0.353,2,1.333,0,0.353,0,0.667,0,0.706,2,1.6,0,0.353,0,0.4,0,1.25,0.8,1.867,0.25,0.4,0.133,0.545,1.5,2.8,1.778,6,1,0,0.222,0,1.333,2,1,0.667,0,0,1,2,1.778,2,2,1.333,0.889,0,0,0
china,NS2,1.333,2,1.5,0,0.667,0,0.5,2,1.091,0,1.091,2,1.091,1.143,1,0,0.545,0.571,1,0,1.091,2.286,1,0,1.091,0,1,0,0.429,0.941,1.333,0.643,0.706,0.667,2,1.929,2.353,1.455,6,1,0,0.545,0,0,0,1.429,0,1.333,4,0.571,2,0,0,1.667,1,2.667,0,0.333,1
china,N,1.333,1.565,1.412,2,0.667,0.783,0.588,0,3.073,1.043,0.878,0,0.732,1.778,1.273,0.4,0.439,0.444,0.727,0,0.878,1.778,1.571,0.4,0,0,0.429,0.8,0.923,0.889,1.364,0.577,0.889,0.636,1.304,1.5,2.222,1.733,3.2,1,0,0.267,1.2,0.923,1.625,1.5,1.161,0.462,0.25,0.5,0.645,1.077,2,1.538,1.419,1.538,0.125,0.462,0.774
china,P,0.75,1.043,1.5,0,1.25,0,0.5,0,1.667,2.609,0.333,0,0.667,1.667,1,0,0.667,1.333,1,0,2,1,1,0.545,0.667,0,1,0,0.353,0.471,1.143,0.353,1.176,0.857,0.522,2.294,2.353,1.368,4.364,1,0,0.632,1.091,0.5,1,1.636,1,0.5,0.667,0.364,0.5,2.5,2,1.793,1.5,0.5,0.333,0.207,1
china,M,0.857,0.3,0.6,1.2,1.143,1.5,1.4,0.8,1.2,2.1,0.24,0,0.96,0.667,0.667,0,0.72,1.667,1.333,0,2.4,1.667,2,1,0.48,0,0,0,0.409,0.444,1.5,0.818,0.444,0.5,0.9,1.773,3.111,1.565,5,1,0,0.435,0,0.889,1,1.5,0,1.111,0.75,0.5,0.8,0.667,2.25,1.846,3.2,1.333,0,0.154,0
china,SH,0.8,1.2,1,0,1.2,1.2,1,2,1.2,2.4,1.2,0,0,2,1,0,1.2,0,1,0,2.4,2,0,3,0,0,0,0,0.231,0.571,0.8,0.923,0.571,1.2,1.2,1.846,2.857,2,3,1,0,0,0,0,2,0,0,2,0,0,0,2,2,1.5,0,0,0,0.5,0
china,G,0.857,0.649,1.333,0,1.143,1.946,0.667,2,1.154,1.784,0.231,0.324,0.692,0.727,0.4,0,1.846,1.091,1.6,2.4,1.385,2.182,1.7,0,0.692,0,0.3,0,0.25,0.317,0.9,1.375,1.905,1.1,0.973,1.375,1.714,1.25,2.4,1,0.063,0.75,1.2,0,0.727,1,0.444,1.714,1.455,1,1.333,1.143,1.818,1.5,2.222,1.143,0,0.5,0
china,F,1.176,0.8,1.684,1.125,0.824,0.9,0.316,0.875,2.746,1.1,0.508,0.1,0.407,1.25,0.667,0.706,0.712,0.5,1.333,0,1.424,2.25,1.5,0.353,0.203,0,0.5,0.353,0.796,1,1.25,0.857,0.75,0.75,1.1,1.347,2.25,1.256,4.235,1,0,0.744,0.353,0.87,1.379,1.4,1.44,0.696,0.828,0.6,0.64,1.739,1.793,1.462,1.28,0.696,0,0.538,0.64
china,M2-1,1.5,0.353,1.2,1,0.5,0,0.8,1,1,2.471,1.667,0,1,0.571,1.429,0,1,1.143,0.571,0,0.667,2.286,2,1.091,0.667,0,0,0,0.4,2.154,1.1,1,0.923,0.9,1.765,1.6,0.615,1.556,2.727,1,0.308,0.444,2.182,1.2,1,1.091,2,0.4,1,0.909,0,1.6,2,1.333,2,0.8,0,0.667,0
china,M2-2,1,1.2,1.333,2,1,1.2,0.667,0,0.857,1.2,0.857,0,0,1.333,2,0,0,0,0,0,4.286,2,2,0,0,0.667,0,0,0.462,1.333,1.273,0.462,0.667,0.727,0,2.077,2,2,6,1,0,0,0,0,2,1.333,4,0,0,0.667,0,2,2,2,0,2,0,0,0
china,L,1,1.412,1.5,1.436,1,0.353,0.5,0.564,2.445,1.059,1.087,0.176,1.019,1.824,1.569,0.525,0.317,0.824,0.431,0.075,0.815,1.118,1.833,0.375,0.317,0.235,0.167,0.075,0.932,1.452,1.353,0.291,0.504,0.647,0.671,1.777,1.956,1.506,4.5,1,0.089,0.494,0.45,1.6,1.797,1.706,1.659,0.56,0.348,0.294,0.39,1.28,1.797,1.386,1.561,0.56,0.058,0.614,0.39
germany,NS1,1.2,1.091,2,0.5,0.8,1.091,0,1.5,2.471,1.091,1.765,0,0.353,2,1.333,0,0.353,0,0.667,0,0.706,2,1.6,0,0.353,0,0.4,0,1.25,0.8,1.867,0.25,0.4,0.133,0.545,1.5,2.8,1.778,6,1,0,0.222,0,1.333,2,0.75,0.667,0,0,1.25,2,1.778,2,2,1.333,0.889,0,0,0
germany,NS2,1.333,2,1.25,0,0.667,0,0.75,2,1.091,2,1.091,0,1.091,1.143,1,0,0.545,0.571,1,0,1.091,2.286,1,0,1.091,0,1,0,0.429,0.941,1.333,0.643,0.706,0.667,2,1.929,2.353,1.455,6,1,0,0.545,0,0,0,1.429,0,1.333,4,0.571,2,0,0,1.667,1,2.667,0,0.333,1
germany,N,1.333,2.087,1.412,2,0.667,0.522,0.588,0,2.927,0.783,0.878,0,0.732,1.778,1.273,0.8,0.439,0.444,0.727,0,0.878,1.778,1.571,0,0.146,0,0.429,0.8,1.038,0.889,1.455,0.462,0.889,0.545,1.565,1.5,2.222,1.733,3.2,1,0,0.267,1.2,0.923,1.5,1.429,1.161,0.462,0.375,0.571,0.645,1.077,2,1.6,1.419,1.538,0.125,0.4,0.774
germany,P,1,1.043,1.5,0,1,0,0.5,0,1.667,2.609,0.333,0,0.667,2,1,0,0.667,1,1,0,2,1,1,0,0.667,0,1,0.545,0.353,0.667,1.143,0.353,0.889,0.857,0.522,2.294,2.222,1.368,4.364,1,0.222,0.632,1.091,0.5,1,1.636,1,0.5,0.667,0.364,0.5,2.5,2,1.793,1.5,0.5,0.333,0.207,1
germany,M,0.857,0.316,0.6,1.2,1.143,1.263,1.4,0.8,1.2,2.211,0.48,0,0.96,0.667,0.667,0,0.72,2,1.333,0,2.16,1.333,2,0.857,0.48,0,0,0,0.409,0.741,1.375,0.818,0.444,0.625,0.947,1.773,2.815,1.545,5.143,1,0,0.455,0,0.667,1.412,1.5,0,1.333,0.471,0.5,0.8,0.667,2.118,1.846,3.2,1.333,0,0.154,0
germany,SH,0.8,1.2,1,0,1.2,2.4,1,2,0,1.2,1.2,0,0,2,1,0,1.2,0,1,0,3.6,2,0,3,0,0,0,0,0.231,0.571,1.2,0.923,1.143,0.8,1.2,1.846,2.286,2,3,1,0,0,0,0,2,0,0,2,0,0,0,2,2,1.5,0,0,0,0.5,0
germany,G,0.857,0.75,0.5,0,1.143,1.688,1.5,2,1.2,1.875,0.3,0.375,0.9,0.5,0.4,0,1.5,1.167,1.6,2.4,1.5,2.333,1.625,0,0.6,0,0.375,0,0.25,0.4,0.952,1.375,1.733,1.048,0.938,1.375,1.8,1.226,2.4,1,0.067,0.774,1.2,0,0.667,1,0,2,1.333,1,0.8,1.333,2,1.4,3.2,0.667,0,0.6,0
germany,F,1.176,0.8,1.684,1.125,0.824,1.1,0.316,0.875,2.644,0.9,0.61,0.1,0.407,1.25,0.667,0.706,0.712,0.5,1.333,0,1.22,2.25,1.5,0.353,0.407,0,0.5,0.353,0.812,1.12,1.292,0.812,0.72,0.708,1.2,1.375,2.16,1.318,4.235,1,0,0.682,0.353,0.87,1.286,1.4,1.44,0.696,0.857,0.6,0.64,1.826,1.857,1.36,1.28,0.609,0,0.64,0.64
germany,M2-1,1.5,0.353,1.6,1,0.5,0,0.4,1,1,2.471,1.667,0,0.667,0.571,1.429,0,1.333,1.143,0.571,0,0.667,2.286,2,1.091,0.667,0,0,0,0.4,2.154,1.1,1,0.923,0.9,1.765,1.6,0.615,1.556,2.727,1,0.308,0.444,2.182,1.2,1,0.909,2,0.4,1,1.091,0,1.6,2,1.333,2,0.8,0,0.667,0
germany,M2-2,1,1.2,1.333,2,1,1.2,0.667,0,0.857,1.2,0.857,0,0,1.333,2,0,0,0,0,0,4.286,2,2,0,0,0.667,0,0,0.462,1.714,1.273,0.462,0.571,0.727,0,2.077,1.714,2,6,1,0,0,0,0,0,1.333,4,2,0,0.667,0,0,4,2,0,2,0,0,0
germany,L,1,1.447,1.486,1.538,1,0.318,0.514,0.462,2.472,1.059,1.101,0.176,1.034,1.882,1.594,0.525,0.337,0.765,0.406,0.075,0.742,1.118,1.733,0.3,0.315,0.235,0.267,0.15,0.926,1.529,1.349,0.294,0.441,0.651,0.741,1.779,1.912,1.494,4.5,1,0.118,0.506,0.45,1.703,1.797,1.727,1.679,0.436,0.464,0.273,0.395,1.307,1.681,1.431,1.481,0.554,0.058,0.569,0.444
india,NS1,1.2,1.091,2,0.5,0.8,1.091,0,1.5,2.471,1.091,1.765,0,0.353,2,1.333,0,0.353,0,0.667,0,0.706,2,1.6,0,0.353,0,0.4,0,1.25,0.8,1.867,0.25,0.4,0.133,0.545,1.5,2.8,1.778,6,1,0,0.222,0,1.333,2,1,0.667,0,0,1,2,1.778,2,2,1.333,0.889,0,0,0
india,NS2,1.333,2,1.25,0,0.667,0,0.75,2,1.091,0,1.091,2,1.091,1.143,1,0,0.545,0.571,1,0,1.091,2.286,1,0,1.091,0,1,0,0.429,0.941,1.333,0.643,0.706,0.667,2,1.929,2.353,1.455,6,1,0,0.545,0,0,0,1.429,0,1.333,4,0.571,2,0,0,1.667,1,2.667,0,0.333,1
india,N,1.333,1.826,1.412,2,0.667,0.522,0.588,0,2.927,1.043,1.024,0,0.732,1.778,1.273,0.8,0.439,0.444,0.727,0,0.878,1.778,1.571,0,0,0,0.429,0.8,1.038,0.889,1.364,0.462,0.889,0.636,1.565,1.5,2.222,1.733,3.2,1,0,0.267,1.2,0.923,1.625,1.5,1.161,0.462,0.25,0.5,0.645,1.077,2,1.538,1.419,1.538,0.125,0.462,0.774
india,P,0.75,1.043,1.5,0,1.25,0,0.5,0,1.667,2.609,0.333,0,0.667,1.667,1,0,0.667,1.333,1,0,2,1,1,0,0.667,0,1,0.545,0.353,0.444,1.143,0.353,1.111,0.857,0.522,2.294,2.222,1.368,4.364,1,0.222,0.632,1.091,0.5,1,1.636,1,0.5,0.667,0.364,0.5,2.5,2,1.793,1.5,0.5,0.333,0.207,1
india,M,0.857,0.316,0.6,1.2,1.143,1.263,1.4,0.8,1.2,2.211,0.24,0,0.96,0.667,0.667,0,0.72,2,1.333,0,2.16,1.333,2,1,0.72,0,0,0,0.409,0.593,1.5,0.818,0.444,0.5,0.947,1.773,2.963,1.565,5,1,0,0.435,0,0.667,1.176,1.5,0,1.333,0.706,0.5,0.8,0.667,2.118,1.846,3.2,1.333,0,0.154,0
india,SH,0.8,1.2,1,0,1.2,2.4,1,2,0,1.2,1.2,0,0,2,1,0,1.2,0,1,0,3.6,2,0,3,0,0,0,0,0.231,0.571,1.2,0.923,0.571,0.8,1.2,1.846,2.857,2,3,1,0,0,0,0,2,0,0,2,0,0,0,2,2,1.5,0,0,0,0.5,0
india,G,0.857,0.649,0.667,0,1.143,1.784,1.333,2,1.304,1.946,0.261,0.324,0.783,0.667,0.571,0,1.826,1,1.429,2.4,1.043,2.333,1.684,0,0.783,0,0.316,0,0.261,0.375,0.857,1.304,1.812,1.143,0.973,1.435,1.75,1.25,2.4,1,0.062,0.75,1.2,0,0.667,1.2,0.5,2.286,1.333,0.8,1,1.143,2,1.333,2.5,0.571,0,0.667,0
india,F,1.176,0.9,1.684,1.125,0.824,1,0.316,0.875,2.644,0.9,0.61,0.1,0.407,1.25,0.667,0.706,0.712,0.5,1.333,0,1.322,2.25,1.5,0.353,0.305,0,0.5,0.353,0.812,1,1.25,0.812,0.75,0.75,1.1,1.375,2.25,1.273,4.235,1,0,0.727,0.353,0.87,1.333,1.4,1.44,0.696,0.933,0.6,0.64,1.739,1.733,1.44,1.28,0.696,0,0.56,0.64
india,M2-1,1.5,0.353,1.6,1,0.5,0,0.4,1,0.667,2.471,2,0,1,0.571,1.714,0,1,1.143,0.286,0,0.667,2.286,2,1.091,0.667,0,0,0,0.4,2.154,1.1,1,0.923,0.9,1.765,1.6,0.615,1.556,2.727,1,0.308,0.444,2.182,1.2,0.5,1.091,2,0.4,1.5,0.909,0,1.6,2,1.333,2,0.8,0,0.667,0
india,M2-2,1,1.2,1.333,2,1,1.2,0.667,0,0.857,1.2,0.857,0,0,1.333,2,0,0,0,0,0,4.286,2,2,0,0,0.667,0,0,0.462,1.714,1.273,0.462,0.571,0.727,0,2.077,1.714,2,6,1,0,0,0,0,0,1.333,4,2,0,0.667,0,0,4,2,0,2,0,0,0
india,L,1,1.447,1.5,1.487,1,0.353,0.5,0.513,2.472,1.024,1.079,0.176,0.989,1.824,1.569,0.525,0.337,0.824,0.431,0.075,0.787,1.118,1.8,0.3,0.337,0.235,0.2,0.15,0.926,1.471,1.353,0.309,0.471,0.647,0.671,1.765,1.971,1.494,4.5,1,0.088,0.506,0.45,1.624,1.739,1.725,1.679,0.515,0.464,0.275,0.395,1.307,1.739,1.392,1.531,0.554,0.058,0.608,0.395
italy,NS1,1.2,1.091,2,0.5,0.8,1.091,0,1.5,2.471,1.091,1.765,0,0.353,2,1.333,0,0.353,0,0.667,0,0.706,2,1.6,0,0.353,0,0.4,0,1,0.8,1.867,0.25,0.4,0.133,0.545,1.75,2.8,2,6,1,0,0,0,1.333,2,1,0.667,0,0,1,2,1.778,2,2,1.333,0.889,0,0,0
italy,NS2,1.333,2,1.25,0,0.667,0,0.75,2,1.091,2,1.091,0,1.091,1.143,1,0,0.545,0.571,1,0,1.091,2.286,1,0,1.091,0,1,0,0.429,0.941,1.333,0.643,0.706,0.667,2,1.929,2.353,1.455,6,1,0,0.545,0,0,0,1.143,0,1.333,4,0.857,2,0,0,1.667,1,2.667,0,0.333,1
italy,N,1.333,1.565,1.294,2,0.667,0.522,0.706,0,2.927,1.304,1.024,0,0.732,1.778,1.273,0.8,0.439,0.444,0.727,0,0.878,1.778,1.571,0,0,0,0.429,0.8,1.038,0.889,1.273,0.462,0.889,0.727,1.565,1.5,2.222,1.733,3.6,1,0,0.267,0.8,1.077,1.5,1.5,1.161,0.308,0.375,0.5,0.645,1.077,2,1.538,1.548,1.538,0.125,0.462,0.645
italy,P,0.75,1.043,1.5,0,1.25,0,0.5,0,1.667,2.609,0.333,0,0.667,1.667,1,0,0.667,1.333,1,0,2,1,1,0,0.667,0,1,0.545,0.353,0.444,1.238,0.353,1.111,0.762,0.522,2.294,2.222,1.368,4.364,1,0.222,0.632,1.091,0.5,1,1.545,1,0.5,0.667,0.455,0.5,2.5,2,1.793,1.5,0.5,0.333,0.207,1
italy,M,0.857,0.316,0.6,1.2,1.143,1.263,1.4,0.8,1.2,2.211,0.24,0,0.96,0.667,0.667,0,0.72,2,1.333,0,2.16,1.333,2,1,0.72,0,0,0,0.391,0.593,1.5,0.783,0.444,0.5,0.947,1.826,2.963,1.565,5,1,0,0.435,0,0.444,1.176,1.5,0,1.556,0.706,0.5,0.8,0.667,2.118,1.846,3.2,1.333,0,0.154,0
italy,SH,0.8,1.2,1,0,1.2,2.4,1,2,0,1.2,1.2,0,0,2,1,0,1.2,0,1,0,3.6,2,0,3,0,0,0,0,0.231,0,1.6,0.923,1.143,0.4,1.2,1.846,2.857,1.333,3,1,0,0.667,0,0,2,0,0,2,0,0,0,2,2,1.5,0,0,0,0.5,0
italy,G,0.857,0.615,1,0,1.143,1.692,1,2,1.043,2,0.261,0.308,0.783,0.833,0.571,0,1.826,0.833,1.429,2.4,1.565,2.167,1.667,0,0.522,0.167,0.333,0,0.261,0.317,0.9,1.304,1.905,1.1,1.077,1.435,1.714,1.188,2.4,1,0.063,0.812,1.2,0,0.333,1.2,0.571,2.286,1.667,0.8,1.143,1.143,2,1.286,2.286,0.571,0,0.714,0
italy,F,1.176,0.7,1.684,1,0.824,1,0.316,1,2.441,1.1,0.61,0.1,0.305,1.25,0.667,0.706,0.712,0.5,1.333,0,1.627,2,1.5,0.353,0.305,0.25,0.5,0.353,0.812,1,1.25,0.812,0.833,0.75,1,1.375,2.167,1.273,4.235,1,0,0.727,0.353,0.957,1.333,1.4,1.44,0.609,0.667,0.6,0.64,1.739,2,1.44,1.28,0.696,0,0.56,0.64
italy,M2-1,1.5,0.353,1.6,1,0.5,0,0.4,1,0.667,2.471,2,0,1,1.143,1.714,0,1,0.571,0.286,0,0.667,2.286,2,1.091,0.667,0,0,0,0.562,2,1.2,0.938,1,0.8,1.412,1.5,0.667,1.556,2.727,1,0.333,0.444,2.182,1.2,0.5,1.091,2,0.4,1.5,0.909,0,1.6,2,1.333,2,0.8,0,0.667,0
italy,M2-2,1,1.2,1.333,2,1,1.2,0.667,0,0.857,1.2,0.857,0,0,1.333,2,0,0,0,0,0,4.286,2,2,0,0,0.667,0,0,0.462,1.714,1.273,0.462,0.571,0.727,0,2.077,1.714,2,6,1,0,0,0,0,0,1.333,4,2,0,0.667,0,0,4,2,0,2,0,0,0
italy,L,1.022,1.43,1.5,1.487,0.978,0.349,0.5,0.513,2.436,1.047,1.105,0.174,0.992,2.029,1.538,0.525,0.338,0.696,0.462,0.075,0.789,0.986,1.8,0.3,0.338,0.29,0.2,0.15,0.946,1.471,1.325,0.325,0.471,0.675,0.733,1.729,1.941,1.48,4.5,1,0.118,0.52,0.45,1.569,1.739,1.745,1.531,0.471,0.464,0.255,0.494,1.333,1.739,1.406,1.58,0.627,0.058,0.594,0.395
japan,NS1,1.2,1.091,2,0.5,0.8,1.091,0,1.5,2.471,1.091,1.765,0,0.353,2,1.333,0,0.353,0,0.667,0,0.706,2,1.6,0,0.353,0,0.4,0,1.25,0.8,1.867,0.25,0.4,0.133,0.545,1.5,2.8,1.778,6,1,0,0.222,0,1.333,2,1,0.667,0.444,0,1,2,1.333,2,2,1.333,0.889,0,0,0
japan,NS2,1.333,2,1.25,0,0.667,0,0.75,2,1.091,0,1.091,2,1.091,1.143,1,0,0.545,0.571,1,0,1.091,2.286,1,0,1.091,0,1,0,0.214,0.941,1.667,0.857,0.941,0.333,2,1.929,2.118,1.455,6,1,0,0.545,0,0,0,1.143,0,1.333,4,0.857,2,0,0,1.667,1,2.667,0,0.333,1
japan,N,1.167,1.826,1.412,1.333,0.833,0.522,0.588,0.667,2.927,1.043,1.024,0,0.732,1.333,1.273,0.8,0.439,0.889,0.727,0,0.878,1.778,1.571,0,0,0,0.429,0.8,0.96,0.889,1.364,0.48,0.889,0.636,1.565,1.56,2.222,1.867,3.2,1,0,0.133,1.2,0.889,1.5,1.5,1.161,0.593,0.375,0.5,0.645,1.037,2.125,1.538,1.419,1.481,0,0.462,0.774
japan,P,0.75,1.043,1.5,0,1.25,0,0.5,0,1.667,2.609,0.333,0,0.667,1.667,1,0,0.667,1.333,1,0,1.667,1,1,0,1,0,1,0.545,0.333,0.471,1.238,0.333,1.176,0.762,0.522,2.333,2.118,1.474,4.364,1,0.235,0.526,1.091,0.5,1,1.652,1,0.5,0.667,0.348,0.5,2.5,2,1.786,1.5,0.5,0.333,0.214,1
japan,M,0.857,0.316,0.8,1.2,1.143,1.263,1.2,0.8,0.923,2.211,0.462,0,0.923,1,0.667,0,0.692,2,1.333,0,2.077,1,2,1,0.923,0,0,0,0.545,0.593,1.5,0.818,0.444,0.5,0.947,1.636,2.963,1.565,5,1,0,0.435,0,0.667,0.941,1.5,0,1.333,0.941,0.5,0.8,0.667,2.118,1.846,3.2,1.333,0,0.154,0
japan,SH,0.8,1.2,1,2,1.2,2.4,1,0,0,1.2,1.2,0,0,2,1,0,1.2,0,1,0,3.6,2,0,3,0,0,0,0,0.231,0.571,1.2,0.923,0.571,0.8,1.2,1.846,2.857,2,3,1,0,0,0,0,2,0,0,2,0,0,0,2,2,1.5,0,0,0,0.5,0
japan,G,0.857,0.857,0.4,0,1.143,1.371,1.6,2,1.565,2.057,0.522,0.343,0.783,0.8,0.5,0,1.304,1.12,1.5,1.714,1.304,2.08,1.667,0.857,0.522,0,0.333,0,0.25,0.323,0.762,1.375,2,1.238,1.029,1.375,1.677,1.226,1.714,1,0,0.774,1.714,0,0.923,1.2,0.5,1.714,1.231,0.8,1,1.714,1.846,1.333,2.5,0.571,0,0.667,0
japan,F,1.294,0.8,1.684,1.125,0.706,1,0.316,0.875,2.644,1,0.61,0.1,0.407,1.25,0.667,0.706,0.712,0.5,1.333,0,1.322,2.25,1.6,0.353,0.305,0,0.4,0.353,0.875,1.061,1.25,0.75,0.816,0.75,1.1,1.375,2.122,1.273,3.882,1,0,0.727,0.706,0.87,1.379,1.368,1.44,0.696,0.828,0.632,0.64,1.739,1.793,1.462,1.12,0.696,0,0.538,0.8
japan,M2-1,1.5,0.706,1.6,1,0.5,0,0.4,1,0.667,2.118,1.667,0,1,0.571,1.714,0,1,1.143,0.286,0,0.667,2.286,2,1.091,1,0,0,0,0.4,2.154,1.1,1,0.923,0.9,1.765,1.6,0.615,1.556,2.727,1,0.308,0.444,2.182,1.2,0.5,1.273,2,0.4,1.5,0.727,0,1.6,2,1.333,2,0.8,0,0.667,0
japan,M2-2,1,1.2,1.429,2,1,1.2,0.571,0,0.857,1.2,0.857,0,0,1.333,2,0,0,0,0,0,4.286,2,2,0,0,0.667,0,0,0.692,1.714,1.273,0.231,0.571,0.727,0,2.077,1.714,2,6,1,0,0,0,0,0,1.333,4,2,0,0.667,0,0,4,2,0,2,0,0,0
japan,L,0.956,1.536,1.537,1.538,1.044,0.286,0.463,0.462,2.517,1.071,1.011,0.143,0.989,1.882,1.569,0.525,0.337,0.765,0.431,0.075,0.764,1.118,1.8,0.375,0.382,0.235,0.2,0.075,0.907,1.452,1.341,0.322,0.444,0.659,0.714,1.771,1.985,1.483,4.5,1,0.119,0.517,0.45,1.64,1.739,1.709,1.783,0.48,0.464,0.291,0.337,1.28,1.797,1.392,1.494,0.6,0,0.608,0.386
kenya,NS1,1.2,1.091,2,0.5,0.8,1.091,0,1.5,2.471,1.091,1.765,0,0.353,2,1.333,0,0.353,0,0.667,0,0.706,2,1.6,0,0.353,0,0.4,0,1.25,0.8,1.867,0.25,0.4,0.133,0.545,1.5,2.8,1.778,6,1,0,0.222,0,1.333,2,1,0.667,0,0,1,2,1.778,2,1.6,1.333,0.889,0,0.4,0
kenya,NS2,1.333,2,1.25,1,0.667,0,0.75,1,1.091,2,1.091,0,1.091,1.143,1,0,0.545,0.571,1,0,1.091,2.286,1,0,1.091,0,1,0,0.429,0.941,1.333,0.643,0.706,0.667,2,1.929,2.353,1.455,6,1,0,0.545,0,0,0,1.429,0,1.333,4,0.571,2,0,0,1.667,1,2.667,0,0.333,1
kenya,N,1.333,2.087,1.412,2,0.667,0.522,0.588,0,2.927,0.783,1.024,0,0.732,1.778,1.273,0.8,0.439,0.444,0.727,0,0.878,1.778,1.571,0,0,0,0.429,0.8,1.038,0.889,1.364,0.462,0.889,0.636,1.565,1.5,2.222,1.667,3.2,1,0,0.333,1.2,0.923,1.625,1.3,1.161,0.462,0.25,0.7,0.645,1.077,2,1.538,1.419,1.538,0.125,0.462,0.774
kenya,P,0.75,1.043,1.5,0,1.25,0,0.5,0,1.667,2.609,0.333,0,0.667,2,1,0,0.667,1,1,0,2,1,1,0,0.667,0,1,0.545,0.353,0.444,1.143,0.353,1.111,0.857,0.522,2.294,2.222,1.368,4.364,1,0.222,0.632,1.091,0.5,0.667,1.636,1,0.5,1,0.364,0.5,2.5,2,1.793,1.5,0.5,0.333,0.207,1
kenya,M,0.857,0.316,0.6,1.2,1.143,1.263,1.4,0.8,1.2,2.211,0.24,0,0.96,0.667,0.667,0,0.72,2,1.333,0,2.16,1.333,2,1,0.72,0,0,0,0.409,0.593,1.375,0.818,0.444,0.625,0.947,1.773,2.963,1.565,5,1,0,0.435,0,0.667,1.176,1.5,0,1.333,0.706,0.5,0.8,0.667,2.118,1.846,3.2,1.333,0,0.154,0
kenya,SH,0.8,1.2,1,0,1.2,2.4,1,2,0,1.2,1.2,0,0,2,1,0,1.2,0,1,0,3.6,2,0,3,0,0,0,0,0.231,0.571,1.2,0.923,0.571,0.8,1.2,1.846,2.857,2,3,1,0,0,0,0,2,0,0,2,0,0,0,2,2,1.5,0,0,0,0.5,0
kenya,G,0.75,0.774,0.5,0,1.25,1.548,1.5,2,1.2,1.935,0.3,0.387,0.9,0.522,0.4,0,1.5,1.217,1.6,2.4,1.8,2.087,1.647,0,0.3,0.174,0.353,0,0.24,0.276,0.952,1.32,1.931,1.048,0.968,1.44,1.724,1.226,2.4,1,0.069,0.774,1.2,0,0.615,1,0,2,1.231,1,0.8,1.333,2.154,1.4,3.2,0.667,0,0.6,0
kenya,F,1.412,0.8,1.684,1.125,0.588,1,0.316,0.875,2.644,1.1,0.61,0.1,0.407,1.25,0.667,0.706,0.712,0.5,1.333,0,1.322,2.25,1.5,0.353,0.305,0,0.5,0.353,0.812,0.98,1.224,0.812,0.735,0.776,1.1,1.375,2.286,1.273,4.235,1,0,0.727,0.353,0.87,1.429,1.4,1.44,0.696,0.857,0.6,0.64,1.826,1.714,1.44,1.28,0.609,0,0.56,0.64
kenya,M2-1,1.5,0.353,1.6,1,0.5,0,0.4,1,0.667,2.471,2,0,0.667,0.571,1.714,0,1.333,1.143,0.286,0,0.667,2.286,2,1.091,0.667,0,0,0,0.4,2.154,1.1,1,0.923,0.9,1.765,1.6,0.615,1.333,2.727,1,0.308,0.667,2.182,1.2,0.5,1.455,2,0.4,1.5,0.545,0,1.2,2,1.333,2,1.2,0,0.667,0
kenya,M2-2,1,1.5,1.333,2,1,1.5,0.667,0,0.857,1.5,0.857,0,0,1.333,2,0,0,0,0,0,4.286,2,1.714,0,0,0.667,0.286,0,0.462,1.714,1.273,0.462,0.571,0.727,0,2.077,1.714,2,6,1,0,0,0,0,0,1.333,4,2,0,0.667,0,0,4,2,0,2,0,0,0
kenya,L,0.978,1.482,1.5,1.487,1.022,0.282,0.5,0.513,2.494,1.094,1.101,0.141,1.034,1.941,1.594,0.525,0.315,0.765,0.406,0.075,0.742,1.118,1.729,0.3,0.315,0.176,0.271,0.15,0.897,1.463,1.368,0.309,0.478,0.632,0.671,1.794,1.97,1.497,4.5,1,0.09,0.503,0.45,1.725,1.771,1.73,1.7,0.431,0.457,0.27,0.4,1.294,1.657,1.426,1.5,0.549,0.114,0.574,0.4
mexico,NS1,1.2,1.091,2,0.5,0.8,1.091,0,1.5,2.824,1.091,1.765,0,0.353,2,1.333,0,0.353,0,0.667,0,0.353,2,1.6,0,0.353,0,0.4,0,1.25,0.8,1.867,0.25,0.4,0.133,0.545,1.5,2.8,2,6,1,0,0,0,1.333,2,1,0.667,0,0,1,2,1.778,2,2,1.333,0.889,0,0,0
mexico,NS2,1.333,2,1.25,0,0.667,0,0.75,2,1.091,2,1.091,0,1.091,1.143,1,0,0.545,0.571,1,0,1.091,2.286,1,0,1.091,0,1,0,0.429,1.176,1.333,0.643,0.235,0.667,2,1.929,2.588,1.455,4.8,1,0,0.545,1.2,0,0,1.143,0,1.333,4,0.857,2,0,0,1.667,1,2.667,0,0.333,1
mexico,N,1.333,1.826,1.176,2,0.667,0.522,0.824,0,2.927,1.043,1.024,0,0.732,1.778,1.273,0.8,0.439,0.444,0.727,0,0.878,1.778,1.571,0,0,0,0.429,0.8,1.038,0.889,1.182,0.462,0.889,0.818,1.565,1.5,2.222,1.733,3.6,1,0,0.267,0.8,0.923,1.5,1.5,1.29,0.462,0.375,0.5,0.516,0.923,2,1.538,1.419,1.692,0.125,0.462,0.774
mexico,P,0.75,1.043,1.5,0,1.25,0,0.5,0,1.667,2.609,0.333,0,0.667,1.818,2,0,0.667,1.455,0,0,2,0.727,1.333,0,0.667,0,0.667,0.545,0.353,0.667,1.143,0.353,0.889,0.857,0.522,2.294,2.444,1.368,4.364,1,0,0.632,1.091,0.5,1,1.636,1,0.5,0.667,0.364,0.5,2.5,2.333,1.793,1.5,0.5,0,0.207,1
mexico,M,0.857,0.632,0.6,1.2,1.143,0.947,1.4,0.8,1.2,2.211,0.24,0,0.96,0.667,0.667,0,0.72,2,1.333,0,2.16,1.333,2,1,0.72,0,0,0,0.391,0.593,1.5,0.783,0.444,0.5,1.263,1.826,2.963,1.565,5,1,0,0.435,0,0.444,0.941,1.5,0,1.556,0.941,0.5,0.8,0.667,2.118,1.846,3.2,1.333,0,0.154,0
mexico,SH,0.8,1.2,1,0,1.2,2.4,1,2,0,1.2,1.2,0,0,2,1,0,1.2,0,1,0,3.6,2,0,3,0,0,0,0,0.231,0,1.2,0.923,1.143,0.8,1.2,1.846,2.857,2,3,1,0,0,0,0,2,0,0,2,0,0,0,2,2,1.5,0,0,0,0.5,0
mexico,G,0.857,0.882,0.8,0,1.143,1.412,1.2,2,1.364,2.118,0.273,0.353,0.818,0.762,0.4,0,1.636,1.143,1.6,2,1.364,2.095,1.625,0,0.545,0,0.375,0,0.261,0.429,0.727,1.304,1.714,1.273,0.882,1.435,1.786,1.25,3,1,0.071,0.75,1,0,0.286,0.667,0,1.5,1.714,1.333,0,2,2,1.143,4,0.5,0,0.857,0
mexico,F,1.176,0.8,1.684,1.125,0.824,0.9,0.316,0.875,2.542,1.1,0.61,0.1,0.305,1.25,0.667,0.706,0.712,0.5,1.333,0,1.525,2.25,1.5,0.353,0.305,0,0.5,0.353,0.75,0.98,1.25,0.812,0.816,0.75,1.1,1.438,2.204,1.273,4.235,1,0,0.727,0.353,1.021,1.286,1.5,1.28,0.596,0.714,0.5,0.8,1.702,2,1.44,1.28,0.681,0,0.56,0.64
mexico,M2-1,1.5,0.353,1.6,1,0.5,0,0.4,1,1,2.471,1.667,0,1,0.571,1.714,0,1,1.143,0.286,0,0.667,2.286,2,1.091,0.667,0,0,0,0.4,1.846,1.1,0.8,1.231,0.9,1.412,1.8,0.615,1.444,2.727,1,0.308,0.556,2.182,1.2,0.5,1.091,2,0.4,1.5,0.909,0,1.2,2,1.333,2,1.2,0,0.667,0
mexico,M2-2,1,1.2,1,2,1,1.2,1,0,0.75,1.2,0.75,0,0,1.6,2,0,0,0,0,0,3.75,2.4,2,0,0.75,0,0,0,0.25,1.714,1.455,0.5,0.571,0.545,0,2.25,1.714,2,6,1,0,0,0,1.333,0,1.333,4,1.333,0,0.667,0,0,4,2,0,1.333,0,0,0
mexico,L,1,1.368,1.5,1.487,1,0.386,0.5,0.513,2.427,1.123,1.146,0.14,0.989,2,1.508,0.525,0.36,0.706,0.492,0.075,0.742,1.059,1.767,0.3,0.337,0.235,0.233,0.15,0.921,1.57,1.357,0.312,0.415,0.643,0.702,1.767,1.867,1.477,4.425,1,0.148,0.523,0.525,1.569,1.771,1.743,1.61,0.51,0.457,0.257,0.488,1.294,1.714,1.412,1.463,0.627,0.057,0.588,0.439
netherlands,NS1,1.2,1.091,2,0.5,0.8,1.091,0,1.5,2.471,1.091,1.765,0,0.353,2,1.333,0,0.353,0,0.667,0,0.706,2,1.6,0,0.353,0,0.4,0,1.25,0.4,1.867,0.25,0.8,0.133,1.091,1.5,2.8,1.778,6,1,0,0.222,0,1.333,2,1,0.667,0,0,1,2,1.778,2,2,1.333,0.889,0,0,0
netherlands,NS2,1.333,2,1.5,0,0.667,0,0.5,2,1.091,0,1.091,2,1.091,1.143,1,0,0.545,0.571,1,0,1.091,2.286,1,0,1.091,0,1,0,0.429,0.941,1.333,0.643,0.706,0.667,2,1.929,2.353,1.636,6,1,0,0.364,0,0,0,1.429,0,1.333,4,0.571,2,0,0,1.667,1,2.667,0,0.333,1
netherlands,N,1.333,1.826,1.412,2,0.667,0.522,0.588,0,2.927,1.043,1.024,0,0.732,1.778,1.273,0.8,0.439,0.444,0.727,0,0.878,1.778,1.571,0,0,0,0.429,0.8,1.038,0.889,1.364,0.462,0.889,0.636,1.565,1.5,2,1.733,3.2,1,0.222,0.267,1.2,0.923,1.625,1.4,1.29,0.462,0.25,0.6,0.645,1.077,2,1.538,1.032,1.538,0.125,0.462,1.032
netherlands,P,0.75,1.043,1.5,0,1.25,0,0.5,0,1.667,2.609,0.333,0,0.667,1.333,1,0,0.667,1.333,1,0,2,1.333,2,0,0.667,0,0,0.545,0.353,0.667,1.238,0.353,0.889,0.762,0.522,2.294,2.222,1.368,4.364,1,0.222,0.632,1.091,0.5,1,1.636,1,0.5,0.667,0.364,0.5,2.5,2,1.793,1.5,0.5,0.333,0.207,1
netherlands,M,0.857,0.316,0.6,1.2,1.143,1.263,1.4,0.8,1.2,2.211,0.24,0,0.96,0.727,0.667,0,0.72,2.182,1.333,0,2.16,1.091,2,1,0.72,0,0,0,0.522,0.444,1.375,0.652,0.593,0.625,0.632,1.826,2.963,1.652,5,1,0,0.348,0,0.667,1.176,1.5,0,1.333,0.706,0.5,0.8,0.667,2.118,1.692,3.2,1.333,0,0.308,0
netherlands,SH,0.8,1.2,1,0,1.2,2.4,1,2,0,1.2,1.2,0,0,2,1,0,1.2,0,1,0,3.6,2,0,3,0,0,0,0,0.25,0.571,1.2,1,0.571,0.8,1.2,1.75,2.857,2,3,1,0,0,0,0,2,0,0,1.333,0,0,0,1.333,2,1.5,0,1.333,0,0.5,0
netherlands,G,0.857,0.632,1.143,0.4,1.143,1.737,0.857,1.6,1.25,1.895,0.25,0.316,0.75,0.667,0.333,0,1.75,1,1.667,2.4,1.5,2.333,1.667,0,0.5,0,0.333,0,0.25,0.452,0.857,1.25,1.677,1.143,1.105,1.5,1.806,1.294,2.4,1,0.065,0.706,1.2,0,0.667,1.2,0.5,2.286,1.333,0.8,1,1.143,2,1.4,2.5,0.571,0,0.6,0
netherlands,F,1.294,0.9,1.684,1.125,0.706,1,0.316,0.875,2.644,1,0.712,0,0.407,1.25,0.667,0.706,0.712,0.5,1.333,0,1.22,2.25,1.5,0.353,0.305,0,0.5,0.353,0.812,0.98,1.292,0.812,0.816,0.708,1.1,1.375,2.204,1.273,4.235,1,0,0.727,0.353,0.87,1.379,1.4,1.44,0.696,0.828,0.6,0.64,1.826,1.793,1.44,1.28,0.609,0,0.56,0.64
netherlands,M2-1,1.5,0.353,1.6,1,0.5,0,0.4,1,0.667,2.471,2,0,1,0.571,1.714,0,1,1.143,0.286,0,0.667,2.286,2,1.091,0.667,0,0,0,0.4,2.154,1.1,1,0.923,0.9,1.765,1.6,0.615,1.556,2.727,1,0.308,0.444,2.182,1.2,0.5,1.091,2,0.4,1.5,0.909,0,1.6,2,1.333,2,0.8,0,0.667,0
netherlands,M2-2,1,1,1.429,2,1,1,0.571,0,0.857,1,0.857,0,0,1.333,2,0,0,0,0,0,4.286,2,2,0,0,0.667,0,0,0.462,1.714,1.333,0.462,0.571,0.667,1,2.077,1.714,2,6,1,0,0,0,0,0,1.333,4,2,0,0.667,0,0,4,2,0,2,0,0,0
netherlands,L,1,1.482,1.486,1.487,1,0.353,0.514,0.513,2.472,1.024,1.056,0.141,0.989,1.824,1.594,0.525,0.315,0.824,0.406,0.075,0.831,1.118,1.8,0.3,0.337,0.235,0.2,0.15,0.922,1.5,1.341,0.307,0.471,0.659,0.671,1.771,1.941,1.494,4.425,1,0.088,0.506,0.525,1.68,1.797,1.741,1.707,0.48,0.464,0.259,0.39,1.24,1.681,1.392,1.512,0.6,0.058,0.608,0.39
peru,NS1,1.2,1.091,2,0.5,0.8,1.091,0,1.5,2.471,1.091,1.765,0,0.353,2,1.333,0,0.353,0,0.667,0,0.706,2,1.6,0,0.353,0,0.4,0,1.25,0.8,1.867,0.25,0.4,0.133,0.545,1.5,2.8,1.778,6,1,0,0.222,0,0.889,2,1,0.667,0.444,0,1,2,1.778,2,2,1.333,0.889,0,0,0
peru,NS2,1.333,2,1.25,0,0.667,0,0.75,2,1.091,0,1.091,2,1.091,1.143,1,0,0.545,0.571,1,0,1.091,2.286,1,0,1.091,0,1,0,0.429,0.941,1.333,0.643,0.941,0.667,2,1.929,2.118,1.455,6,1,0,0.545,0,0,0,1.143,0,1.333,4,0.857,2,0,0,1.667,1,2.667,0,0.333,1
peru,N,1.167,1.826,1.412,1.333,0.833,0.522,0.588,0.667,2.927,1.043,1.024,0,0.732,1.333,1.273,0.8,0.439,0.889,0.727,0,0.878,1.778,1.571,0,0,0,0.429,0.8,0.923,0.889,1.364,0.577,0.889,0.636,1.565,1.5,2.222,1.8,3.2,1,0,0.2,1.2,0.923,1.5,1.6,1.161,0.462,0.375,0.4,0.645,1.077,2.125,1.538,1.419,1.538,0,0.462,0.774
peru,P,0.75,1.043,1.5,0,1.25,0,0.5,0,1.667,2.609,0.333,0,0.667,1.667,1,0,0.667,1.333,1,0,2,1,1,0,0.667,0,1,0.545,0.333,0.471,1.238,0.333,1.176,0.762,0.522,2.333,2.118,1.368,4.364,1,0.235,0.632,1.091,0.5,1,1.636,1,0.5,0.667,0.364,0.5,2.5,2,1.793,1.5,0.5,0.333,0.207,1
peru,M,0.857,0.316,0.8,1.2,1.143,1.263,1.2,0.8,0.923,2.211,0.462,0,0.923,1,0.667,0,0.692,2,1.333,0,2.077,1,2,1,0.923,0,0,0,0.409,0.593,1.5,0.818,0.444,0.5,0.947,1.773,2.963,1.565,5,1,0,0.435,0,0.667,0.941,1.5,0,1.333,0.941,0.5,0.8,0.667,2.118,1.846,3.2,1.333,0,0.154,0
peru,SH,0.8,1.2,1,2,1.2,2.4,1,0,0,1.2,1.2,0,0,2,1,0,1.2,0,1,0,3.6,2,0,3,0,0,0,0,0.231,0.571,1.2,0.923,0.571,0.8,1.2,1.846,2.857,2,3,1,0,0,0,0,2,0,0,2,0,0,0,2,2,1.5,0,0,0,0.5,0
peru,G,0.857,0.649,0.667,0,1.143,1.622,1.333,2,1.091,2.108,0.545,0.324,0.818,0.5,0.571,0,1.636,1.167,1.429,2,1.364,2.333,1.684,0,0.545,0,0.316,0,0.24,0.323,0.909,1.32,1.935,1.091,0.973,1.44,1.677,1.333,2,1,0.065,0.667,2,0,0.923,1.2,0.571,1.714,1.231,0.8,1.143,1.714,1.846,1.385,2.286,0.571,0,0.615,0
peru,F,1.294,0.8,1.684,1.125,0.706,1,0.316,0.875,2.644,1,0.61,0.1,0.407,1.25,1.333,0.706,0.712,0.5,0.667,0,1.322,2.25,1.5,0.353,0.305,0,0.5,0.353,0.875,1.061,1.25,0.75,0.816,0.75,1.1,1.375,2.122,1.273,3.882,1,0,0.727,0.706,0.87,1.379,1.4,1.44,0.696,0.828,0.6,0.64,1.739,1.793,1.44,1.12,0.696,0,0.56,0.8
peru,M2-1,1.5,0.706,1.6,1,0.5,0,0.4,1,0.667,2.118,1.667,0,1,0.571,1.714,0,1,1.143,0.286,0,0.667,2.286,2,1.091,1,0,0,0,0.4,2.154,1.1,1,0.923,0.9,1.765,1.6,0.615,1.667,2.727,1,0.308,0.333,2.182,1.2,0.5,1.273,2,0.4,1.5,0.727,0,1.6,2,1.333,2,0.8,0,0.667,0
peru,M2-2,1,1.2,1.429,2,1,1.2,0.571,0,0.857,1.2,0.857,0,0,1.333,2,0,0,0,0,0,4.286,2,2,0,0,0.667,0,0,0.462,1.714,1.273,0.462,0.571,0.727,0,2.077,1.714,2,6,1,0,0,0,0,0,1.333,4,2,0,0.667,0,0,4,2,0,2,0,0,0
peru,L,0.978,1.527,1.537,1.538,1.022,0.284,0.463,0.462,2.472,1.065,1.034,0.142,0.966,1.882,1.569,0.525,0.36,0.765,0.431,0.075,0.787,1.176,1.8,0.375,0.382,0.176,0.2,0.075,0.912,1.471,1.365,0.324,0.441,0.635,0.71,1.765,2,1.483,4.5,1,0.088,0.517,0.45,1.64,1.739,1.709,1.687,0.48,0.464,0.291,0.386,1.28,1.797,1.406,1.542,0.6,0,0.594,0.386
russia,NS1,1.2,1.091,2,0.5,0.8,1.091,0,1.5,2.471,1.091,1.765,0,0.353,2,1.333,0,0.353,0,0.667,0,0.706,2,1.6,0,0.353,0,0.4,0,1.25,0.8,1.867,0.25,0.4,0.133,0.545,1.5,2.8,2,6,1,0,0,0,1.333,2,1,0.667,0,0,1,2,1.778,2,1.6,1.333,0.889,0,0.4,0
russia,NS2,1.333,2,1.25,0,0.667,0,0.75,2,1.091,2,1.091,0,1.091,1.143,1,0,0.545,0.571,1,0,1.091,2.286,1,0,1.091,0,1,0,0.429,0.941,1.333,0.643,0.706,0.667,2,1.929,2.353,1.455,6,1,0,0.545,0,0,0,1.143,0,1.333,4,0.857,2,0,0,1.667,1,2.667,0,0.333,1
russia,N,1.333,1.826,1.294,2,0.667,0.522,0.706,0,2.927,1.043,1.024,0,0.732,1.778,1.273,0.8,0.439,0.444,0.727,0,0.878,1.778,1.571,0,0,0,0.429,0.8,1.038,0.889,1.273,0.462,0.889,0.727,1.565,1.5,2.222,1.667,3.6,1,0,0.333,0.8,0.769,1.5,1.5,1.161,0.615,0.375,0.5,0.645,1.077,2,1.538,1.419,1.538,0.125,0.462,0.774
russia,P,0.75,1.043,1.5,0,1.25,0,0.5,0,1.667,2.609,0.333,0,0.667,1.667,1,0,0.667,1.333,1,0,2,1,1,0,0.667,0,1,0.545,0.353,0.444,1.143,0.353,0.889,0.857,0.522,2.294,2.444,1.368,4.364,1,0.222,0.632,1.091,0.5,1,1.636,1,0.5,0.667,0.364,0.5,2.5,2.333,1.793,1.5,0.5,0,0.207,1
russia,M,0.857,0.316,0.6,1.2,1.143,1.263,1.4,0.8,1.2,2.211,0.24,0,0.96,0.667,0.667,0,0.72,2,1.333,0,2.16,1.333,2,1,0.72,0,0,0,0.391,0.593,1.5,0.783,0.444,0.5,0.947,1.826,2.963,1.565,5,1,0,0.435,0,0.444,1.176,1.5,0,1.556,0.706,0.5,0.8,0.444,2.118,1.846,3.2,1.556,0,0.154,0
russia,SH,1,1,1,0,1,2,1,2,1,1,1,0,0,2,1,0,1,0,1,0,3,2,0,3,0,0,0,0,0,0,1.2,1,1.143,0.8,1,2,2.857,2,3,1,0,0,0,0,2,0,0,2,0,0,0,2,2,1.5,0,0,0,0.5,0
russia,G,0.857,0.686,1,0,1.143,1.714,1,2,1.25,2.057,0.25,0.343,1,0.64,0.571,0,1.5,1.28,1.429,2.4,1.5,2.08,1.667,0,0.5,0,0.333,0,0.24,0.323,0.857,1.44,1.871,1.143,0.857,1.32,1.742,1.273,2.4,1,0.065,0.727,1.2,0,0.308,1.2,0.5,2.286,1.538,0.8,1,1.143,2.154,1.091,2.5,0.571,0,0.909,0
russia,F,1.176,0.8,1.684,1.125,0.824,0.9,0.316,0.875,2.542,1.1,0.61,0.1,0.305,1.25,0.667,0.667,0.712,0.5,1.333,0,1.525,2.25,1.5,0.333,0.305,0,0.5,0.333,0.796,1,1.25,0.796,0.833,0.75,1.1,1.408,2.167,1.273,4.333,1,0,0.727,0.333,0.957,1.379,1.4,1.5,0.609,0.69,0.6,0.667,1.739,1.931,1.44,1.167,0.696,0,0.56,0.667
russia,M2-1,1.5,0.353,1.6,1,0.5,0,0.4,1,0.667,2.471,2,0,1,0.571,1.714,0,1,1.143,0.286,0,0.667,2.286,2,1.091,0.667,0,0,0,0.4,2.154,1.1,1,0.923,0.9,1.765,1.6,0.615,1.556,2.727,1,0.308,0.444,2.182,1.2,0.5,1.091,2,0.4,1.5,0.909,0,1.6,2,1.333,2,0.8,0,0.667,0
russia,M2-2,1,1.2,1.333,2,1,1.2,0.667,0,0.857,1.2,0.857,0,0,1.333,2,0,0,0,0,0,4.286,2,2,0,0,0.667,0,0,0.462,1.714,1.273,0.462,0.571,0.727,0,2.077,1.714,2,6,1,0,0,0,0,0,1.333,4,2,0,0.667,0,0,4,2,0,2,0,0,0
russia,L,1.022,1.482,1.514,1.538,0.978,0.318,0.486,0.462,2.427,1.059,1.101,0.176,1.011,1.941,1.545,0.525,0.337,0.765,0.455,0.075,0.787,1,1.767,0.3,0.337,0.294,0.233,0.15,0.926,1.511,1.353,0.324,0.474,0.647,0.671,1.75,1.926,1.468,4.425,1,0.089,0.532,0.525,1.569,1.739,1.745,1.61,0.471,0.464,0.255,0.488,1.333,1.739,1.406,1.512,0.627,0.058,0.594,0.39
south-africa,NS1,1.2,1.091,2,0.5,0.8,1.091,0,1.5,2.471,1.091,1.765,0,0.353,2,1.333,0,0.353,0,0.667,0,0.706,2,1.6,0,0.353,0,0.4,0,1.25,0.8,1.867,0.25,0.4,0.133,0.545,1.5,2.8,1.778,6,1,0,0.222,0,1.333,2,1,0.667,0,0,1,2,1.778,2,2,1.333,0.889,0,0,0
south-africa,NS2,1.333,2,1.25,0,0.667,0,0.75,2,1.091,0,1.091,2,1.091,1.143,1,0,0.545,0.571,1,0,1.636,2.286,1,0,0.545,0,1,0,0.429,0.941,1.333,0.643,0.706,0.667,2,1.929,2.353,1.5,6,1,0,0.5,0,0,0,1.429,0,1.333,4,0.571,2,0,0,1.667,1,2.667,0,0.333,1
south-africa,N,1.5,1.826,1.412,2,0.5,0.522,0.588,0,2.78,1.043,1.024,0,0.732,1.778,1.273,0.8,0.439,0.444,0.727,0,1.024,1.778,1.571,0,0,0,0.429,0.8,1.08,0.667,1.364,0.36,0.889,0.636,1.565,1.56,2.444,1.733,3.2,1,0,0.267,1.2,0.741,1.625,1.524,1.29,0.593,0.25,0.476,0.516,1.185,2,1.44,1.419,1.481,0.125,0.56,0.774
south-africa,P,0.75,1.043,1.5,0,1.25,0,0.5,0,1.333,2.609,0.667,0,0.667,1.667,1,0,0.667,1.333,1,0,2,1,1,0,0.667,0,1,0.545,0.375,0.444,1.143,0.375,0.889,0.857,0.783,2.25,2.444,1.368,4.364,1,0.222,0.632,1.091,0,1,1.636,1,0.889,0.667,0.364,0.5,2.667,2.333,1.793,1.5,0.444,0,0.207,1
south-africa,M,0.857,0.316,0.6,1.2,1.143,1.263,1.4,0.8,1.25,2.211,0.25,0,1,0.667,0.667,0,0.75,2,1.333,0,2,1.333,2,1,0.75,0,0,0,0.409,0.593,1.5,0.818,0.444,0.5,0.947,1.773,2.963,1.565,5,1,0,0.435,0,0.667,1.176,1.5,0,1.333,0.706,0.5,0.8,0.667,2.118,1.846,3.2,1.333,0,0.154,0
south-africa,SH,0.8,1.2,1,0,1.2,2.4,1,2,0,1.2,1.2,0,0,2,1,0,1.2,0,1,0,3.6,2,0,3,0,0,0,0,0.231,0.571,1.2,0.923,0.571,0.8,1.2,1.846,2.857,2,3,1,0,0,0,0,2,0,0,2,0,0,0,2,2,1.5,0,0,0,0.5,0
south-africa,G,0.75,0.774,1.333,0,1.25,1.548,0.667,2,1.364,2.129,0.273,0.194,0.818,0.909,0.571,0,1.636,0.909,1.429,2.4,1.091,2.182,1.647,0,0.818,0,0.353,0,0.261,0.407,0.952,1.304,1.763,1.048,0.968,1.435,1.763,1.25,2.4,1,0.068,0.75,1.2,0,1,1.6,0,2,1,0.4,0.667,1.333,1.667,1.333,3.333,0.667,0.333,0.667,0
south-africa,F,1.176,0.8,1.684,1.125,0.824,1,0.316,0.875,2.542,1,0.814,0.1,0.407,1.25,0,0.706,0.712,0.5,2,0,1.22,2.25,1.619,0.353,0.305,0,0.381,0.353,0.766,1.061,1.25,0.83,0.735,0.75,1,1.404,2.204,1.256,4.235,1,0,0.744,0.353,0.87,1.333,1.3,1.44,0.696,0.8,0.7,0.64,1.739,1.733,1.44,1.12,0.696,0.133,0.56,0.8
south-africa,M2-1,2,0.706,1.333,1,0,0,0.667,1,1,2.118,1.667,0,1,0.571,1.714,0,1,1.143,0.286,0,0.667,2.286,2,1.091,0.667,0,0,0,0.429,2.154,1.1,0.857,0.923,0.9,1.765,1.714,0.615,1.556,2.727,1,0.308,0.444,2.182,1.091,0.5,1.091,2,0.727,1.5,0.909,0,1.455,2,1.167,2,0.727,0,0.833,0
south-africa,M2-2,1,1.2,1.333,2,1,1.2,0.667,0,0,1.2,1.714,0,0,1.143,2,0,0,0,0,0,4.286,2.286,2,0,0,0.571,0,0,0.462,1.143,1.273,0.462,0.571,0.727,0,2.077,1.714,2,6,1,0.571,0,0,0,0,1.333,4,2,0,0.667,0,0,4,2,0,2,0,0,0
south-africa,L,1,1.518,1.509,1.474,1,0.282,0.491,0.526,2.463,1.059,1.075,0.141,0.985,1.882,1.594,0.444,0.336,0.765,0.406,0.148,0.806,1.118,1.729,0.296,0.336,0.235,0.271,0.148,0.922,1.511,1.376,0.307,0.504,0.624,0.671,1.771,1.926,1.491,4.519,1,0.059,0.509,0.444,1.624,1.797,1.743,1.65,0.515,0.464,0.257,0.45,1.307,1.681,1.412,1.5,0.554,0.058,0.588,0.4
south-korea,NS1,1.2,1.091,2,0.5,0.8,1.091,0,1.5,2.471,1.091,1.765,0,0.353,2,1.333,0,0.353,0,0.667,0,0.706,1,1.6,0,0.353,1,0.4,0,1.25,0.8,1.867,0.25,0.4,0.133,0.545,1.5,2.8,1.778,6,1,0,0.222,0,1.333,2,1,0.667,0,0,1,2,1.778,2,2,1.333,0.889,0,0,0
south-korea,NS2,1.667,2,1.25,0,0.333,0,0.75,2,1.091,0,1.091,2,1.091,1.143,1,0,0.545,0.571,1,0,1.636,2.286,1,0,0.545,0,1,0,0.214,0.941,1.333,0.857,0.471,0.667,2,1.929,2.588,1.636,6,1,0,0.364,0,0,0,1.429,0,1.333,4,0.571,2,0,0,1.667,1,2.667,0,0.333,1
south-korea,N,1.333,1.826,1.412,2,0.667,0.522,0.588,0,2.927,1.043,1.024,0,0.732,1.778,1.273,0.4,0.439,0.444,0.727,0,0.878,1.778,1.571,0.4,0,0,0.429,0.8,0.923,0.889,1.364,0.577,0.889,0.636,1.565,1.5,2.222,1.8,3.2,1,0,0.2,1.2,0.923,1.625,1.5,1.161,0.462,0.25,0.5,0.645,1.077,2.125,1.538,1.548,1.538,0,0.462,0.645
south-korea,P,0.75,1.043,1.5,0,1.25,0,0.5,0,1.667,2.609,0.333,0,0.667,1.667,1,0,0.667,1.667,1,0,2,0.667,1,0,0.667,0,1,0.545,0.353,0.471,1.333,0.353,1.176,0.667,0.522,2.294,2.353,1.368,4.364,1,0,0.632,1.091,0.5,1,1.636,1,0.5,0.667,0.364,0.5,2.5,2.333,1.793,1.5,0.5,0,0.207,1
south-korea,M,0.857,0.316,0.6,1.2,1.143,1.263,1.4,0.8,1.2,2.211,0.24,0,0.96,0.667,0.667,0,0.72,2,1.333,0,2.4,1.333,2,1,0.48,0,0,0,0.409,0.444,1.5,0.818,0.444,0.5,0.947,1.773,3.111,1.565,5,1,0,0.435,0,0.667,0.941,1.5,0,1.333,0.941,0.5,0.8,0.667,2.118,2,3.2,1.333,0,0,0
south-korea,SH,0.8,1.2,1,0,1.2,2.4,1,2,1.2,1.2,1.2,0,0,0,1,0,1.2,2,1,0,2.4,2,0,3,0,0,0,0,0.231,1.143,0.4,0.923,0,1.6,1.2,1.846,2.857,2,3,1,0,0,0,0,2,0,0,2,0,0,0,2,2,1.5,0,0,0,0.5,0
south-korea,G,0.857,0.75,0.8,0,1.143,1.688,1.2,2,1.2,1.875,0.24,0.375,0.72,0.4,0.5,0,1.92,1.2,1.5,1.5,1.2,2.2,1.647,0,0.72,0.2,0.353,0,0.25,0.407,0.8,1.375,1.831,1.2,0.938,1.375,1.695,1.455,3,1,0.068,0.545,1.5,0,0.615,1,0,2,1.231,1,1.143,0,2.154,1.25,2.857,2,0,0.75,0
south-korea,F,1.111,0.814,1.684,1.125,0.889,0.915,0.316,0.875,2.69,1.119,0.517,0.102,0.414,1.25,0.667,0.706,0.621,0.75,1.333,0,1.345,2,1.6,0.353,0.414,0,0.4,0,0.796,1,1.224,0.857,0.75,0.776,1.017,1.347,2.25,1.318,4.235,1,0,0.682,0.706,0.87,1.241,1.4,1.44,0.696,0.966,0.6,0.64,1.739,1.793,1.44,1.28,0.696,0,0.56,0.64
south-korea,M2-1,1.5,0.353,1.2,1,0.5,0,0.8,1,1,2.471,1.667,0,1,0.571,1.429,0,1,1.143,0.571,0,0.667,2.286,2,1.091,0.667,0,0,0,0.4,2.154,1.1,1,0.923,0.9,2.118,1.6,0.615,1.556,2.727,1,0.308,0.444,2.182,1.2,0.5,1.091,2,0.4,1,0.909,0,1.6,2.5,1.333,2,0.8,0,0.667,0
south-korea,M2-2,1,1.2,1.333,2,1,1.2,0.667,0,1.5,1.2,0.75,0,0,1.333,2,0,0,0,0,0,3.75,2,2,0,0,0.667,0,0,0.5,1.333,1.273,0.5,0,0.727,0,2,2.667,2,6,1,0,0,0,0,2,1.333,4,2,0,0.667,0,0,2,2,0,2,0,0,0
south-korea,L,0.933,1.412,1.537,1.436,1.067,0.388,0.463,0.564,2.526,1.024,1.015,0.176,1.015,1.824,1.569,0.444,0.316,0.824,0.431,0.148,0.812,1.118,1.8,0.296,0.316,0.235,0.2,0.148,0.941,1.382,1.341,0.294,0.559,0.659,0.671,1.765,1.941,1.491,4.444,1,0.118,0.509,0.519,1.584,1.739,1.651,1.659,0.554,0.348,0.349,0.39,1.307,1.855,1.386,1.512,0.554,0.058,0.614,0.439
thailand,NS1,1.2,1.091,2,0.5,0.8,1.091,0,1.5,2.471,1.091,1.765,0,0.353,2,1.333,0,0.353,0,0.667,0,0.706,2,1.6,0,0.353,0,0.4,0,1.25,0.8,1.867,0.25,0.4,0.133,0.545,1.5,2.8,1.778,6,1,0,0.222,0,1.333,2,1,0.667,0,0,1,2,1.778,2,2,1.333,0.889,0,0,0
thailand,NS2,1.333,2,1.25,0,0.667,0,0.75,2,1.091,0,1.091,2,1.091,1.143,1,0,0.545,0.571,1,0,1.091,2.286,1,0,1.091,0,1,0,0.429,0.941,1.333,0.643,0.706,0.667,2,1.929,2.353,1.455,6,1,0,0.545,0,0,0,1.429,0,1.333,4,0.571,2,0,0,1.667,1,2.667,0,0.333,1
thailand,N,1.333,1.826,1.412,2,0.667,0.522,0.588,0,2.927,1.043,1.024,0,0.732,1.778,1.455,0.4,0.439,0.444,0.545,0,0.732,1.778,1.571,0.4,0.146,0,0.429,0.8,0.923,0.889,1.364,0.577,0.889,0.636,1.565,1.5,2.222,1.733,3.2,1,0,0.267,1.2,0.923,1.625,1.5,1.161,0.462,0.25,0.5,0.645,1.077,2,1.538,1.419,1.538,0.125,0.462,0.774
thailand,P,0.75,1.043,1.5,0,1.25,0,0.5,0,1.667,2.609,0.333,0,0.667,1.667,1,0,0.667,1.333,1,0,2,1,1,0,0.667,0,1,0.545,0.353,0.471,1.048,0.353,1.176,0.952,0.522,2.294,2.353,1.368,4.364,1,0,0.632,1.091,0.5,1,1.545,1,0.5,0.667,0.455,0.5,2.5,2,1.724,2,0.5,0.333,0.276,0.5
thailand,M,0.857,0.316,0.6,1.6,1.143,1.263,1.4,0.4,1.2,2.211,0.24,0,0.96,0.667,0.667,0,0.72,2,1.333,0,2.4,1.333,2,1,0.48,0,0,0,0.409,0.296,1.5,0.818,0.593,0.5,0.632,1.773,3.111,1.652,5,1,0,0.348,0,0.667,0.941,1.5,0,1.333,0.941,0.5,0.8,0.889,2.118,1.846,3.2,1.111,0,0.154,0
thailand,SH,0.8,1.2,1,0,1.2,2.4,1,2,1.2,1.2,1.2,0,0,2,1,0,1.2,0,1,0,2.4,2,0,3,0,0,0,0,0.25,0.571,0.8,0.75,0.571,1.2,1.2,2,2.857,2,3,1,0,0,0,0,2,0,0,2.667,0,0,0,1.333,2,1.5,0,0,0,0.5,0
thailand,G,0.857,0.811,1.143,0,1.143,1.784,0.857,2,0.923,1.784,0.462,0.324,0.692,0.696,0.5,0,1.846,1.217,1.5,2.4,1.385,2.087,1.647,1.2,0.692,0,0.353,0,0.25,0.258,0.9,1.375,1.935,1.1,0.811,1.375,1.742,1.353,1.2,1,0.065,0.647,1.2,0,1.231,1,0.444,2,0.923,1,1.333,0.667,1.846,1.333,2.222,1.333,0,0.667,0
thailand,F,1.176,0.814,1.579,1.125,0.824,0.915,0.421,0.875,2.746,1.119,0.508,0.102,0.407,1.25,0.667,0.706,0.712,0.75,1.333,0,1.322,2,1.5,0.353,0.305,0,0.5,0.353,0.796,1.061,1.224,0.857,0.653,0.776,1.017,1.347,2.286,1.273,4.235,1,0,0.727,0.353,0.87,1.286,1.4,1.44,0.696,0.857,0.6,0.64,1.739,1.857,1.44,1.28,0.696,0,0.56,0.64
thailand,M2-1,1.5,0.353,1.2,1,0.5,0,0.8,1,0.667,2.471,2,0,1,0.571,1.429,0,1,1.143,0.571,0,0.667,2.286,2,1.091,0.667,0,0,0,0.4,2.154,1.1,1,0.923,0.9,1.765,1.6,0.615,1.556,2.727,1,0.308,0.444,2.182,1.2,1,1.091,2,0.4,1,0.909,0,1.6,2,1.333,2,0.8,0,0.667,0
thailand,M2-2,1,1.2,1.333,2,1,1.2,0.667,0,0.857,1.2,0.857,0,0,1.333,2,0,0,0,0,0,4.286,2,2,0,0,0.667,0,0,0.462,1.333,1.273,0.462,0.667,0.727,0,2.077,2,2,6,1,0,0,0,0,2,1.333,4,2,0,0.667,0,0,2,2,0,2,0,0,0
thailand,L,0.978,1.447,1.519,1.487,1.022,0.388,0.481,0.513,2.504,0.988,1.038,0.176,0.992,1.824,1.569,0.525,0.338,0.824,0.431,0.075,0.767,1.059,1.8,0.3,0.361,0.294,0.2,0.15,0.956,1.441,1.365,0.294,0.529,0.635,0.671,1.75,1.941,1.491,4.5,1,0.088,0.509,0.45,1.624,1.797,1.725,1.707,0.515,0.348,0.275,0.341,1.347,1.797,1.386,1.561,0.515,0.058,0.614,0.39
usa,NS1,1.2,1.091,2,0.5,0.8,1.091,0,1.5,2.471,1.091,1.765,0,0.353,2,1.333,0,0.353,0,0.667,0,0.706,2,1.6,0,0.353,0,0.4,0,1.25,0.8,1.867,0.25,0.4,0.133,0.545,1.5,2.8,1.778,6,1,0,0.222,0,0.889,2,1,0.667,0.444,0,1,2,1.778,2,2,1.333,0.889,0,0,0
usa,NS2,1.333,2,1.25,0,0.667,0,0.75,2,1.091,0,1.091,2,1.091,1.143,1,0,0.545,0.571,1,0,1.091,2.286,1,0,1.091,0,1,0,0.429,0.941,1.333,0.643,0.941,0.667,2,1.929,2.118,1.455,6,1,0,0.545,0,0,0,1.143,0,1.333,4,0.857,2,0,0,1.667,1,2.667,0,0.333,1
usa,N,1.167,1.826,1.412,1.333,0.833,0.522,0.588,0.667,2.927,1.043,1.024,0,0.732,1.333,1.273,0.8,0.439,0.889,0.727,0,0.878,1.778,1.571,0,0,0,0.429,0.8,0.923,0.889,1.364,0.577,0.889,0.636,1.565,1.5,2.222,1.8,3.2,1,0,0.2,1.2,0.923,1.5,1.5,1.161,0.462,0.375,0.5,0.645,1.077,2.125,1.538,1.419,1.538,0,0.462,0.774
usa,P,0.75,1.043,1.5,0,1.25,0,0.5,0,1.667,2.609,0.333,0,0.667,2,1,0,0.667,1,1,0,2,1,1,0,0.667,0,1,0.545,0.333,0.471,1.238,0.333,1.176,0.762,0.522,2.333,2.118,1.368,4.364,1,0.235,0.632,1.091,0.5,1,1.636,1,0.5,0.667,0.364,0.5,2.5,2,1.793,1.5,0.5,0.333,0.207,1
usa,M,0.857,0.316,0.8,1.2,1.143,1.263,1.2,0.8,0.923,2.211,0.462,0,0.923,1,0.667,0,0.692,2,1.333,0,2.077,1,2,1,0.923,0,0,0,0.409,0.593,1.5,0.818,0.444,0.5,0.632,1.773,2.963,1.565,5,1,0,0.435,0,0.667,0.941,1.5,0,1.333,0.941,0.5,0.8,0.667,2.118,1.846,3.2,1.333,0,0.154,0
usa,SH,0.8,1.2,1,2,1.2,2.4,1,0,0,1.2,1.2,0,0,2,1,0,1.2,0,1,0,3.6,2,0,3,0,0,0,0,0.231,0.571,1.2,0.923,0.571,0.8,1.2,1.846,2.857,2,3,1,0,0,0,0,2,0,0,2,0,0,0,2,2,1.5,0,0,0,0.5,0
usa,G,0.857,0.649,0.667,0,1.143,1.622,1.333,2,1.364,2.108,0.545,0.324,0.818,0.64,0.571,0,1.636,1.12,1.429,2,1.091,2.24,1.684,0,0.545,0,0.316,0,0.222,0.339,0.857,1.444,1.831,1.143,0.973,1.333,1.763,1.29,2,1,0.068,0.71,2,0,0.923,1.333,0,1.714,1.231,0.667,1.143,1.714,1.846,1.333,2.857,0.571,0,0.667,0
usa,F,1.294,0.8,1.684,1.125,0.706,1,0.316,0.875,2.644,1,0.61,0.1,0.508,1.5,0.667,0.706,0.712,0.25,1.333,0,1.322,2.25,1.5,0.353,0.203,0,0.5,0.353,0.875,1.061,1.25,0.75,0.816,0.75,1.1,1.375,2.122,1.318,3.529,1,0,0.682,1.059,0.936,1.286,1.4,1.44,0.681,0.857,0.6,0.64,1.702,1.857,1.44,1.12,0.681,0,0.56,0.8
usa,M2-1,1.5,0.706,1.6,1,0.5,0,0.4,1,0.667,2.118,1.667,0,1,0.571,1.714,0,1,1.143,0.286,0,0.667,2.286,2,1.091,1,0,0,0,0.4,2.154,1.1,1,0.923,0.9,1.765,1.6,0.615,1.556,2.727,1,0.308,0.444,2.182,1.2,0.5,1.273,2,0.4,1.5,0.727,0,1.6,2,1.333,2,0.8,0,0.667,0
usa,M2-2,1,1.2,1.429,2,1,1.2,0.571,0,0.857,1.2,0.857,0,0,1.333,2,0,0,0,0,0,4.286,2,2,0,0,0.667,0,0,0.462,1.714,1.273,0.462,0.571,0.727,0,2.077,1.714,2,6,1,0,0,0,0,0,1.333,4,2,0,0.667,0,0,4,2,0,2,0,0,0
usa,L,0.978,1.527,1.537,1.538,1.022,0.284,0.463,0.462,2.494,1.065,1.034,0.142,0.989,1.882,1.569,0.525,0.337,0.765,0.431,0.075,0.787,1.118,1.803,0.375,0.36,0.235,0.197,0.075,0.922,1.518,1.353,0.322,0.409,0.647,0.71,1.756,1.956,1.483,4.5,1,0.117,0.517,0.45,1.64,1.706,1.709,1.639,0.48,0.471,0.291,0.434,1.32,1.824,1.406,1.542,0.56,0,0.594,0.386
